Set,Card 0me,Rarity,Ma0 Cost,color,Type,sub_type,Power,Toughness,quantity,nm,lp,p,f,Text
Return to Ravnica,Angel of Serenity,Mythic Rare,{4}{W}{W}{W},w,Creature,angel,5,6,0,0,0,0,0,"Flying
When Angel of Serenity enters the battlefield, you may exile up to three other target creatures from the battlefield and/or creature cards from graveyards.
When Angel of Serenity leaves the battlefield, return the exiled cards to their owners' hands."
Return to Ravnica,Armory Guard,Common,{3}{W},w,Creature,gaint soldier,2,5,1,0,1,0,0,Armory Guard has vigilance as long as you control a Gate.
Return to Ravnica,Arrest,Uncommon,{2}{W},w,Enchantment,0,0,0,6,0,6,0,0,"Enchant creature
Enchanted creature can't attack or block, and its activated abilities can't be activated."
Return to Ravnica,Avenging Arrow,Common,{2}{W},w,Instant,0,0,0,1,0,1,0,0,Destroy target creature that dealt damage this turn.
Return to Ravnica,Azorius Arrester,Common,{1}{W},w,Creature,human soldier,2,1,3,0,3,0,0,"When Azorius Arrester enters the battlefield, detain target creature an opponent controls. (Until your next turn, that creature can't attack or block and its activated abilities can't be activated.)"
Return to Ravnica,Azorius Justiciar,Uncommon,{2}{W}{W},w,Creature,human wizard,2,2,0,0,0,0,0,"When Azorius Justiciar enters the battlefield, detain up to two target creatures your opponents control. (Until your next turn, those creatures can't attack or block and their activated abilities can't be activated.)"
Return to Ravnica,Bazaar Krovod,Uncommon,{4}{W},w,Creature,beats,2,5,0,0,0,0,0,"Whenever Bazaar Krovod attacks, another target attacking creature gets +0/+2 until end of turn. Untap that creature."
Return to Ravnica,Concordia Pegasus,Common,{1}{W},w,Creature,pegasus,1,3,4,0,4,0,0,Flying
Return to Ravnica,Ethereal Armor,Common,{W},w,Enchantment,0,0,0,0,0,0,0,0,"Enchant creature
Enchanted creature gets +1/+1 for each enchantment you control and has first strike."
Return to Ravnica,Eyes in the Skies,Common,{3}{W},w,Instant,0,0,0,2,0,2,0,0,"Create a 1/1 white Bird creature token with flying, then populate. (Create a token that's a copy of a creature token you control.)"
Return to Ravnica,Fencing Ace,Uncommon,{1}{W},w,Creature,human soldier ,1,1,1,0,1,0,0,Double strike (This creature deals both first-strike and regular combat damage.)
Return to Ravnica,Keening Apparition,Common,{1}{W},w,Creature,spirit ,2,2,0,0,0,0,0,Sacrifice Keening Apparition: Destroy target enchantment.
Return to Ravnica,Knightly Valor,Common,{4}{W},w,Enchantment,0,0,0,2,0,2,0,0,"Enchant creature
When Knightly Valor enters the battlefield, create a 2/2 white Knight creature token with vigilance. (Attacking doesn't cause it to tap.)
Enchanted creature gets +2/+2 and has vigilance."
Return to Ravnica,Martial Law,Rare,{2}{W}{W},w,Enchantment,0,0,0,0,0,0,0,0,"At the beginning of your upkeep, detain target creature an opponent controls. (Until your next turn, that creature can't attack or block and its activated abilities can't be activated.)"
Return to Ravnica,Palisade Giant,Rare,{4}{W}{W},w,Creature,giant soldier,2,7,0,0,0,0,0,All damage that would be dealt to you or another permanent you control is dealt to Palisade Giant instead.
Return to Ravnica,Phantom General,Uncommon,{3}{W},w,Creature,spirit soldier,2,3,1,0,1,0,0,Creature tokens you control get +1/+1.
Return to Ravnica,Precinct Captain,Rare,{W}{W},w,Creature,human soldier,2,2,0,0,0,0,0,"First strike
Whenever Precinct Captain deals combat damage to a player, create a 1/1 white Soldier creature token."
Return to Ravnica,Rest in Peace,Rare,{1}{W},w,Enchantment,0,0,0,0,0,0,0,0,"When Rest in Peace enters the battlefield, exile all cards from all graveyards.
If a card or token would be put into a graveyard from anywhere, exile it instead."
Return to Ravnica,Rootborn Defenses,Common,{2}{W},w,Instant,0,0,0,3,0,3,0,0,"Populate. Creatures you control gain indestructible until end of turn. (To populate, create a token that's a copy of a creature token you control.)"
Return to Ravnica,Security Blockade,Uncommon,{2}{W},w,Enchantment,0,0,0,0,0,0,0,0,"Enchant land
When Security Blockade enters the battlefield, create a 2/2 white Knight creature token with vigilance.
Enchanted land has ""{T}: Prevent the next 1 damage that would be dealt to you this turn."""
Return to Ravnica,Selesnya Sentry,Common,{2}{W},w,Creature,elephant soldier,3,2,2,0,2,0,0,{5}{G}: Regenerate Selesnya Sentry.
Return to Ravnica,Seller of Songbirds,Common,{2}{W},w,Creature,human,1,2,1,0,1,0,0,"When Seller of Songbirds enters the battlefield, create a 1/1 white Bird creature token with flying."
Return to Ravnica,Soul Tithe,Uncommon,{1}{W},w,Enchantment,0,0,0,0,0,0,0,0,"Enchant nonland permanent
At the beginning of the upkeep of enchanted permanent's controller, that player sacrifices it unless he or she pays {X}, where X is its converted ma0 cost."
Return to Ravnica,Sphere of Safety,Uncommon,{4}{W},w,Enchantment,0,0,0,0,0,0,0,0,"Creatures can't attack you or a planeswalker you control unless their controller pays {X} for each of those creatures, where X is the number of enchantments you control."
Return to Ravnica,Sunspire Griffin,Common,{1}{W}{W},w,Creature,griffon,2,3,2,0,2,0,0,Flying
Return to Ravnica,Swift Justice,Common,{W},w,Instant,0,0,0,2,2,0,0,0,"Until end of turn, target creature gets +1/+0 and gains first strike and lifelink."
Return to Ravnica,Trained Caracal,Common,{W},w,Creature,cat,1,1,3,0,3,0,0,Lifelink (Damage dealt by this creature also causes you to gain that much life.)
Return to Ravnica,Trostani's Judgment,Common,{5}{W},w,Instant,0,0,0,1,0,1,0,0,"Exile target creature, then populate. (Create a token that's a copy of a creature token you control.)"
Return to Ravnica,Aquus Steed,Uncommon,{3}{U},u,Creature,beats,1,3,0,0,0,0,0,"{2}{U}, {T}: Target creature gets -2/-0 until end of turn."
Return to Ravnica,Blustersquall,Uncommon,{U},u,Instant,0,0,0,0,0,0,0,0,"Tap target creature you don't control.
Overload {3}{U} (You may cast this spell for its overload cost. If you do, change its text by replacing all instances of ""target"" with ""each."")"
Return to Ravnica,Cancel,Common,{1}{U}{U},u,Instant,0,0,0,5,0,5,0,0,Counter target spell.
Return to Ravnica,Chronic Flooding,Common,{1}{U},u,Enchantment,0,0,0,3,0,3,0,0,"Enchant land
Whenever enchanted land becomes tapped, its controller puts the top three cards of his or her library into his or her graveyard."
Return to Ravnica,Conjured Currency,Rare,{5}{U},u,Enchantment,0,0,0,1,0,1,0,0,"At the beginning of your upkeep, you may exchange control of Conjured Currency and target permanent you neither own nor control."
Return to Ravnica,Crosstown Courier,Common,{1}{U},u,Creature,vadalken,2,1,2,0,2,0,0,"Whenever Crosstown Courier deals combat damage to a player, that player puts that many cards from the top of his or her library into his or her graveyard."
Return to Ravnica,Cyclonic Rift,Rare,{1}{U},u,Instant,0,0,0,0,0,0,0,0,"Return target nonland permanent you don't control to its owner's hand.
Overload {6}{U} (You may cast this spell for its overload cost. If you do, change its text by replacing all instances of ""target"" with ""each."")"
Return to Ravnica,Dispel,Common,{U},u,Instant,0,0,0,1,0,1,0,0,Counter target instant spell.
Return to Ravnica,Doorkeeper,Common,{1}{U},u,Creature,homunculus,0,4,2,0,2,0,0,"Defender
{2}{U}, {T}: Target player puts the top X cards of his or her library into his or her graveyard, where X is the number of creatures with defender you control."
Return to Ravnica,Downsize,Common,{U},u,Instant,0,0,0,0,0,0,0,0,"Target creature you don't control gets -4/-0 until end of turn.
Overload {2}{U} (You may cast this spell for its overload cost. If you do, change its text by replacing all instances of ""target"" with ""each."")"
Return to Ravnica,Faerie Impostor,Uncommon,{U},u,Creature,farie rouge,2,1,0,0,0,0,0,"Flying
When Faerie Impostor enters the battlefield, sacrifice it unless you return another creature you control to its owner's hand."
Return to Ravnica,Hover Barrier,Uncommon,{2}{U},u,Creature,illusio0 wall,0,6,0,0,0,0,0,"Defender, flying"
Return to Ravnica,I0ction Injunction,Common,{1}{U},u,Sorcery,0,0,0,6,0,5,1,0,"Detain target creature an opponent controls. (Until your next turn, that creature can't attack or block and its activated abilities can't be activated.)
Draw a card."
Return to Ravnica,Inspiration,Common,{3}{U},u,Instant,0,0,0,2,0,2,0,0,Target player draws two cards.
Return to Ravnica,Isperia's Skywatch,Common,{5}{U},u,Creature,vadalken knight,3,3,2,0,2,0,0,"Flying
When Isperia's Skywatch enters the battlefield, detain target creature an opponent controls. (Until your next turn, that creature can't attack or block and its activated abilities can't be activated.)"
Return to Ravnica,"Jace, Architect of Thought",Mythic Rare,{2}{U}{U},u,Planeswalker,planeswalker,0,0,0,0,0,0,0,"+1: Until your next turn, whenever a creature an opponent controls attacks, it gets -1/-0 until end of turn.
âˆ’2: Reveal the top three cards of your library. An opponent separates those cards into two piles. Put one pile into your hand and the other on the bottom of your library in any order.
âˆ’8: For each player, search that player's library for a nonland card and exile it, then that player shuffles his or her library. You may cast those cards without paying their ma0 costs."
Return to Ravnica,Mizzium Skin,Common,{U},u,Instant,0,0,0,2,0,2,0,0,"Target creature you control gets +0/+1 and gains hexproof until end of turn.
Overload {1}{U} (You may cast this spell for its overload cost. If you do, change its text by replacing all instances of ""target"" with ""each."")"
Return to Ravnica,Paralyzing Grasp,Common,{2}{U},u,Enchantment,0,0,0,2,0,2,0,0,"Enchant creature
Enchanted creature doesn't untap during its controller's untap step."
Return to Ravnica,Psychic Spiral,Uncommon,{4}{U},u,Instant,0,0,0,3,0,3,0,0,Shuffle all cards from your graveyard into your library. Target player puts that many cards from the top of his or her library into his or her graveyard.
Return to Ravnica,Runewing,Common,{3}{U},u,Creature,bird,2,2,2,0,2,0,0,"Flying
When Runewing dies, draw a card."
Return to Ravnica,Search the City,Rare,{4}{U},u,Enchantment,0,0,0,0,0,0,0,0,"When Search the City enters the battlefield, exile the top five cards of your library.
Whenever you play a card with the same 0me as one of the exiled cards, you may put one of those cards with that 0me into its owner's hand. Then if there are no cards exiled with Search the City, sacrifice it. If you do, take an extra turn after this one."
Return to Ravnica,Skyline Predator,Uncommon,{4}{U}{U},u,Creature,drake ,3,4,0,0,0,0,0,"Flash (You may cast this spell any time you could cast an instant.)
Flying"
Return to Ravnica,Soulsworn Spirit,Uncommon,{3}{U},u,Creature,spirit,2,1,0,0,0,0,0,"Soulsworn Spirit can't be blocked.
When Soulsworn Spirit enters the battlefield, detain target creature an opponent controls. (Until your next turn, that creature can't attack or block and its activated abilities can't be activated.)"
Return to Ravnica,Sphinx of the Chimes,Rare,{4}{U}{U},u,Creature,sphinx,5,6,0,0,0,0,0,"Flying
Discard two nonland cards with the same 0me: Draw four cards."
Return to Ravnica,Stealer of Secrets,Common,{2}{U},u,Creature,human rouge,2,2,0,0,0,0,0,"Whenever Stealer of Secrets deals combat damage to a player, draw a card."
Return to Ravnica,Syncopate,Uncommon,{X}{U},u,Instant,0,0,0,0,0,0,0,0,"Counter target spell unless its controller pays {X}. If that spell is countered this way, exile it instead of putting it into its owner's graveyard."
Return to Ravnica,Tower Drake,Common,{2}{U},u,Creature,drake ,2,1,1,0,1,0,0,"Flying
{W}: Tower Drake gets +0/+1 until end of turn."
Return to Ravnica,Voidwielder,Common,{4}{U},u,Creature,human wizard,1,4,3,0,3,0,0,"When Voidwielder enters the battlefield, you may return target creature to its owner's hand."
Return to Ravnica,Assassin's Strike,Uncommon,{4}{B}{B},b,Sorcery,0,0,0,1,0,1,0,0,Destroy target creature. Its controller discards a card.
Return to Ravnica,Catacomb Slug,Common,{4}{B},b,Creature,slug,2,6,2,0,2,0,0,
Return to Ravnica,Cremate,Common,{B},b,Instant,0,0,0,1,0,1,0,0,"Exile target card from a graveyard.
Draw a card."
Return to Ravnica,Daggerdrome Imp,Common,{1}{B},b,Creature,imp,1,1,1,0,1,0,0,"Flying
Lifelink (Damage dealt by this creature also causes you to gain that much life.)"
Return to Ravnica,Dark Reve0nt,Uncommon,{3}{B},b,Creature,spirit,2,2,1,0,1,0,0,"Flying
When Dark Reve0nt dies, put it on top of its owner's library."
Return to Ravnica,Dead Reveler,Common,{2}{B},b,Creature,zombie,2,3,0,0,0,0,0,Unleash (You may have this creature enter the battlefield with a +1/+1 counter on it. It can't block as long as it has a +1/+1 counter on it.)
Return to Ravnica,Desecration Demon,Rare,{2}{B}{B},b,Creature,demon,6,6,0,0,0,0,0,"Flying
At the beginning of each combat, any opponent may sacrifice a creature. If a player does, tap Desecration Demon and put a +1/+1 counter on it."
Return to Ravnica,Destroy the Evidence,Common,{4}{B},b,Sorcery,0,0,0,4,0,4,0,0,"Destroy target land. Its controller reveals cards from the top of his or her library until he or she reveals a land card, then puts those cards into his or her graveyard."
Return to Ravnica,Deviant Glee,Common,{B},b,Enchantment,0,0,0,0,0,0,0,0,"Enchant creature
Enchanted creature gets +2/+1 and has ""{R}: This creature gains trample until end of turn."""
Return to Ravnica,Drainpipe Vermin,Common,{B},b,Creature,rat,1,1,2,0,2,0,0,"When Drainpipe Vermin dies, you may pay {B}. If you do, target player discards a card."
Return to Ravnica,Grave Betrayal,Rare,{5}{B}{B},b,Enchantment,0,0,0,0,0,0,0,0,"Whenever a creature you don't control dies, return it to the battlefield under your control with an additio0l +1/+1 counter on it at the beginning of the next end step. That creature is a black Zombie in addition to its other colors and types."
Return to Ravnica,Grim Roustabout,Common,{1}{B},b,Creature,skeleton warrior,1,1,3,0,3,0,0,"Unleash (You may have this creature enter the battlefield with a +1/+1 counter on it. It can't block as long as it has a +1/+1 counter on it.)
{1}{B}: Regenerate Grim Roustabout."
Return to Ravnica,Launch Party,Common,{3}{B},b,Instant,0,0,0,0,0,0,0,0,"As an additio0l cost to cast Launch Party, sacrifice a creature.
Destroy target creature. Its controller loses 2 life."
Return to Ravnica,Mind Rot,Common,{2}{B},b,Sorcery,0,0,0,1,0,1,0,0,Target player discards two cards.
Return to Ravnica,Necropolis Regent,Mythic Rare,{3}{B}{B}{B},b,Creature,vampire,6,5,0,0,0,0,0,"Flying
Whenever a creature you control deals combat damage to a player, put that many +1/+1 counters on it."
Return to Ravnica,Ogre Jailbreaker,Common,{3}{B},b,Creature,orge rogue,4,4,2,0,2,0,0,"Defender
Ogre Jailbreaker can attack as though it didn't have defender as long as you control a Gate."
Return to Ravnica,Pack Rat,Rare,{1}{B},b,Creature,rat,0,0,0,0,0,0,0,"Pack Rat's power and toughness are each equal to the number of Rats you control.
{2}{B}, Discard a card: Create a token that's a copy of Pack Rat."
Return to Ravnica,Perilous Shadow,Common,{2}{B}{B},b,Creature,insect shade ,0,4,2,0,2,0,0,{1}{B}: Perilous Shadow gets +2/+2 until end of turn.
Return to Ravnica,Sewer Shambler,Common,{2}{B},b,Creature,zombie wurm,2,1,2,0,2,0,0,"Swampwalk (This creature can't be blocked as long as defending player controls a Swamp.)
Scavenge {2}{B} ({2}{B}, Exile this card from your graveyard: Put a number of +1/+1 counters equal to this card's power on target creature. Scavenge only as a sorcery.)"
Return to Ravnica,Shrieking Affliction,Uncommon,{B},b,Enchantment,0,0,0,2,0,2,0,0,"At the beginning of each opponent's upkeep, if that player has one or fewer cards in hand, he or she loses 3 life."
Return to Ravnica,Slum Reaper,Uncommon,{3}{B},b,Creature,horror,4,2,0,0,0,0,0,"When Slum Reaper enters the battlefield, each player sacrifices a creature."
Return to Ravnica,Stab Wound,Common,{2}{B},b,Enchantment,0,0,0,0,0,0,0,0,"Enchant creature
Enchanted creature gets -2/-2.
At the beginning of the upkeep of enchanted creature's controller, that player loses 2 life."
Return to Ravnica,Tavern Swindler,Uncommon,{1}{B},b,Creature,human rogue,2,2,4,4,0,0,0,"{T}, Pay 3 life: Flip a coin. If you win the flip, you gain 6 life."
Return to Ravnica,Terrus Wurm,Common,{6}{B},b,Creature,zombie wurm,5,5,1,0,1,0,0,"Scavenge {6}{B} ({6}{B}, Exile this card from your graveyard: Put a number of +1/+1 counters equal to this card's power on target creature. Scavenge only as a sorcery.)"
Return to Ravnica,Thrill-Kill Assassin,Uncommon,{1}{B},b,Creature,human assassin,1,2,1,0,1,0,0,"Deathtouch
Unleash (You may have this creature enter the battlefield with a +1/+1 counter on it. It can't block as long as it has a +1/+1 counter on it.)"
Return to Ravnica,Ultimate Price,Uncommon,{1}{B},b,Instant,0,0,0,1,0,1,0,0,Destroy target monocolored creature.
Return to Ravnica,Underworld Connections,Rare,{1}{B}{B},b,Enchantment,0,0,0,0,0,0,0,0,"Enchant land
Enchanted land has ""{T}, Pay 1 life: Draw a card."""
Return to Ravnica,Zanikev Locust,Uncommon,{5}{B},b,Creature,insect ,3,3,1,0,1,0,0,"Flying
Scavenge {2}{B}{B} ({2}{B}{B}, Exile this card from your graveyard: Put a number of +1/+1 counters equal to this card's power on target creature. Scavenge only as a sorcery.)"
Return to Ravnica,Annihilating Fire,Common,{1}{R}{R},r,Instant,0,0,0,1,0,1,0,0,"Annihilating Fire deals 3 damage to target creature or player. If a creature dealt damage this way would die this turn, exile it instead."
Return to Ravnica,Ash Zealot,Rare,{R}{R},r,Creature,human warrior,2,2,0,0,0,0,0,"First strike, haste
Whenever a player casts a spell from a graveyard, Ash Zealot deals 3 damage to that player."
Return to Ravnica,Batterhorn,Common,{4}{R},r,Creature,beast,4,3,2,0,2,0,0,"When Batterhorn enters the battlefield, you may destroy target artifact."
Return to Ravnica,Bellows Lizard,Common,{R},r,Creature,lizard,1,1,4,0,4,0,0,{1}{R}: Bellows Lizard gets +1/+0 until end of turn.
Return to Ravnica,Bloodfray Giant,Uncommon,{2}{R}{R},r,Creature,giant,4,3,1,0,1,0,0,"Trample
Unleash (You may have this creature enter the battlefield with a +1/+1 counter on it. It can't block as long as it has a +1/+1 counter on it.)"
Return to Ravnica,Chaos Imps,Rare,{4}{R}{R},r,Creature,imp,6,5,0,0,0,0,0,"Flying
Unleash (You may have this creature enter the battlefield with a +1/+1 counter on it. It can't block as long as it has a +1/+1 counter on it.)
Chaos Imps has trample as long as it has a +1/+1 counter on it."
Return to Ravnica,Cobblebrute,Common,{3}{R},r,Creature,elemental,5,2,4,0,4,0,0,
Return to Ravnica,Dy0charge,Common,{R},r,Instant,0,0,0,2,0,2,0,0,"Target creature you control gets +2/+0 until end of turn.
Overload {2}{R} (You may cast this spell for its overload cost. If you do, change its text by replacing all instances of ""target"" with ""each."")"
Return to Ravnica,Electrickery,Common,{R},r,Instant,0,0,0,1,0,1,0,0,"Electrickery deals 1 damage to target creature you don't control.
Overload {1}{R} (You may cast this spell for its overload cost. If you do, change its text by replacing all instances of ""target"" with ""each."")"
Return to Ravnica,Explosive Impact,Common,{5}{R},r,Instant,0,0,0,1,0,1,0,0,Explosive Impact deals 5 damage to target creature or player.
Return to Ravnica,Goblin Rally,Uncommon,{3}{R}{R},r,Sorcery,0,0,0,0,0,0,0,0,Create four 1/1 red Goblin creature tokens.
Return to Ravnica,Gore-House Chainwalker,Common,{1}{R},r,Creature,human warrior,2,1,3,0,3,0,0,Unleash (You may have this creature enter the battlefield with a +1/+1 counter on it. It can't block as long as it has a +1/+1 counter on it.)
Return to Ravnica,Guild Feud,Rare,{5}{R},r,Enchantment,0,0,0,0,0,0,0,0,"At the beginning of your upkeep, target opponent reveals the top three cards of his or her library, may put a creature card from among them onto the battlefield, then puts the rest into his or her graveyard. You do the same with the top three cards of your library. If two creatures are put onto the battlefield this way, those creatures fight each other."
Return to Ravnica,Guttersnipe,Uncommon,{2}{R},r,Creature,0,2,2,0,0,0,0,0,"Whenever you cast an instant or sorcery spell, Guttersnipe deals 2 damage to each opponent."
Return to Ravnica,Lobber Crew,Common,{2}{R},r,Creature,goblin warrior,0,4,3,0,3,0,0,"Defender
{T}: Lobber Crew deals 1 damage to each opponent.
Whenever you cast a multicolored spell, untap Lobber Crew."
Return to Ravnica,Minotaur Aggressor,Uncommon,{6}{R},r,Creature,minotaur berserker,6,2,1,0,1,0,0,"First strike, haste"
Return to Ravnica,Mizzium Mortars,Rare,{1}{R},r,Sorcery,0,0,0,1,0,1,0,0,"Mizzium Mortars deals 4 damage to target creature you don't control.
Overload {3}{R}{R}{R} (You may cast this spell for its overload cost. If you do, change its text by replacing all instances of ""target"" with ""each."")"
Return to Ravnica,Pursuit of Flight,Common,{1}{R},r,Enchantment,0,0,0,1,0,1,0,0,"Enchant creature
Enchanted creature gets +2/+2 and has ""{U}: This creature gains flying until end of turn."""
Return to Ravnica,Pyroconvergence,Uncommon,{4}{R},r,Enchantment,0,0,0,2,0,2,0,0,"Whenever you cast a multicolored spell, Pyroconvergence deals 2 damage to target creature or player."
Return to Ravnica,Racecourse Fury,Uncommon,{R},r,Enchantment,0,0,0,2,0,2,0,0,"Enchant land
Enchanted land has ""{T}: Target creature gains haste until end of turn."""
Return to Ravnica,Splatter Thug,Common,{2}{R},r,Creature,human warrior,2,2,1,0,1,0,0,"First strike
Unleash (You may have this creature enter the battlefield with a +1/+1 counter on it. It can't block as long as it has a +1/+1 counter on it.)"
Return to Ravnica,Street Spasm,Uncommon,{X}{R},r,Instant,0,0,0,0,0,0,0,0,"Street Spasm deals X damage to target creature without flying you don't control.
Overload {X}{X}{R}{R} (You may cast this spell for its overload cost. If you do, change its text by replacing all instances of ""target"" with ""each."")"
Return to Ravnica,Survey the Wreckage,Common,{4}{R},r,Sorcery,0,0,0,3,0,3,0,0,Destroy target land. Create a 1/1 red Goblin creature token.
Return to Ravnica,Tenement Crasher,Common,{5}{R},r,Creature,beats,5,4,3,0,3,0,0,Haste
Return to Ravnica,Traitorous Instinct,Common,{3}{R},r,Sorcery,0,0,0,0,0,0,0,0,"Gain control of target creature until end of turn. Untap that creature. Until end of turn, it gets +2/+0 and gains haste."
Return to Ravnica,Utvara Hellkite,Mythic Rare,{6}{R}{R},r,Creature,dragon,6,6,0,0,0,0,0,"Flying
Whenever a Dragon you control attacks, create a 6/6 red Dragon creature token with flying."
Return to Ravnica,Vandalblast,Uncommon,{R},r,Sorcery,0,0,0,0,0,0,0,0,"Destroy target artifact you don't control.
Overload {4}{R} (You may cast this spell for its overload cost. If you do, change its text by replacing all instances of ""target"" with ""each."")"
Return to Ravnica,Viashino Racketeer,Common,{2}{R},r,Creature,viashino rogue,2,1,3,0,3,0,0,"When Viashino Racketeer enters the battlefield, you may discard a card. If you do, draw a card."
Return to Ravnica,Aerial Predation,Common,{2}{G},g,Instant,0,0,0,2,0,2,0,0,Destroy target creature with flying. You gain 2 life.
Return to Ravnica,Archweaver,Uncommon,{5}{G}{G},g,Creature,spider,5,5,1,0,1,0,0,"Reach, trample"
Return to Ravnica,Axebane Guardian,Common,{2}{G},g,Creature,human druid,0,3,0,0,0,0,0,"Defender
{T}: Add X ma0 in any combi0tion of colors to your ma0 pool, where X is the number of creatures with defender you control."
Return to Ravnica,Axebane Stag,Common,{6}{G},g,Creature,elk,6,7,2,0,2,0,0,
Return to Ravnica,Brushstrider,Uncommon,{1}{G},g,Creature,beast,3,1,0,0,0,0,0,Vigilance
Return to Ravnica,Centaur's Herald,Common,{G},g,Creature,elf scout,0,1,0,0,0,0,0,"{2}{G}, Sacrifice Centaur's Herald: Create a 3/3 green Centaur creature token."
Return to Ravnica,Chorus of Might,Common,{3}{G},g,Instant,0,0,0,0,0,0,0,0,"Until end of turn, target creature gets +1/+1 for each creature you control and gains trample."
Return to Ravnica,Deadbridge Goliath,Rare,{2}{G}{G},g,Creature,insect,5,5,0,0,0,0,0,"Scavenge {4}{G}{G} ({4}{G}{G}, Exile this card from your graveyard: Put a number of +1/+1 counters equal to this card's power on target creature. Scavenge only as a sorcery.)"
Return to Ravnica,Death's Presence,Rare,{5}{G},g,Enchantment,0,0,0,0,0,0,0,0,"Whenever a creature you control dies, put X +1/+1 counters on target creature you control, where X is the power of the creature that died."
Return to Ravnica,Drudge Beetle,Common,{1}{G},g,Creature,insect,2,2,4,0,4,0,0,"Scavenge {5}{G} ({5}{G}, Exile this card from your graveyard: Put a number of +1/+1 counters equal to this card's power on target creature. Scavenge only as a sorcery.)"
Return to Ravnica,Druid's Deliverance,Common,{1}{G},g,Instant,0,0,0,0,0,0,0,0,Prevent all combat damage that would be dealt to you this turn. Populate. (Create a token that's a copy of a creature token you control.)
Return to Ravnica,Gatecreeper Vine,Common,{1}{G},g,Creature,plant,0,2,1,0,1,0,0,"Defender
When Gatecreeper Vine enters the battlefield, you may search your library for a basic land card or a Gate card, reveal it, put it into your hand, then shuffle your library."
Return to Ravnica,Giant Growth,Common,{G},g,Instant,0,0,0,3,0,3,0,0,Target creature gets +3/+3 until end of turn.
Return to Ravnica,Gobbling Ooze,Uncommon,{4}{G},g,Creature,ooze,3,3,1,0,1,0,0,"{G}, Sacrifice another creature: Put a +1/+1 counter on Gobbling Ooze."
Return to Ravnica,Golgari Decoy,Uncommon,{3}{G},g,Creature,elf rouge,2,2,0,0,0,0,0,"All creatures able to block Golgari Decoy do so.
Scavenge {3}{G}{G} ({3}{G}{G}, Exile this card from your graveyard: Put a number of +1/+1 counters equal to this card's power on target creature. Scavenge only as a sorcery.)"
Return to Ravnica,Horncaller's Chant,Common,{7}{G},g,Sorcery,0,0,0,6,0,6,0,0,"Create a 4/4 green Rhino creature token with trample, then populate. (Create a token that's a copy of a creature token you control.)"
Return to Ravnica,Korozda Monitor,Common,{2}{G}{G},g,Creature,lizard,3,3,2,0,2,0,0,"Trample
Scavenge {5}{G}{G} ({5}{G}{G}, Exile this card from your graveyard: Put a number of +1/+1 counters equal to this card's power on target creature. Scavenge only as a sorcery.)"
Return to Ravnica,Ma0 Bloom,Rare,{X}{G},g,Enchantment,0,0,0,0,0,0,0,0,"Ma0 Bloom enters the battlefield with X charge counters on it.
Remove a charge counter from Ma0 Bloom: Add one ma0 of any color to your ma0 pool. Activate this ability only once each turn.
At the beginning of your upkeep, if Ma0 Bloom has no charge counters on it, return it to its owner's hand."
Return to Ravnica,Oak Street Innkeeper,Uncommon,{2}{G},g,Creature,elf,1,2,2,0,2,0,0,"As long as it's not your turn, tapped creatures you control have hexproof."
Return to Ravnica,Rubbleback Rhino,Common,{4}{G},g,Creature,rhino,3,4,2,0,2,0,0,Hexproof (This creature can't be the target of spells or abilities your opponents control.)
Return to Ravnica,Savage Surge,Uncommon,{1}{G},g,Instant,0,0,0,0,0,0,0,0,Target creature gets +2/+2 until end of turn. Untap that creature.
Return to Ravnica,Seek the Horizon,Uncommon,{3}{G},g,Sorcery,0,0,0,1,0,1,0,0,"Search your library for up to three basic land cards, reveal them, and put them into your hand. Then shuffle your library."
Return to Ravnica,Slime Molding,Uncommon,{X}{G},g,Sorcery,0,0,0,1,0,1,0,0,Create an X/X green Ooze creature token.
Return to Ravnica,Stonefare Crocodile,Common,{2}{G},g,Creature,crocodile,3,2,2,0,2,0,0,{2}{B}: Stonefare Crocodile gains lifelink until end of turn. (Damage dealt by this creature also causes you to gain that much life.)
Return to Ravnica,Towering Indrik,Common,{3}{G},g,Creature,beast,2,4,1,0,1,0,0,Reach (This creature can block creatures with flying.)
Return to Ravnica,Urban Burgeoning,Common,{G},g,Enchantment,0,0,0,1,0,1,0,0,"Enchant land
Enchanted land has ""Untap this land during each other player's untap step."""
Return to Ravnica,Wild Beastmaster,Rare,{2}{G},g,Creature,human shaman,1,1,4,4,0,0,0,"Whenever Wild Beastmaster attacks, each other creature you control gets +X/+X until end of turn, where X is Wild Beastmaster's power."
Return to Ravnica,Worldspine Wurm,Mythic Rare,{8}{G}{G}{G},g,Creature,wurm,15,15,0,0,0,0,0,"Trample
When Worldspine Wurm dies, create three 5/5 green Wurm creature tokens with trample.
When Worldspine Wurm is put into a graveyard from anywhere, shuffle it into its owner's library."
Return to Ravnica,Abrupt Decay,Rare,{B}{G},bg,Instant,0,0,0,0,0,0,0,0,"Abrupt Decay can't be countered by spells or abilities.
Destroy target nonland permanent with converted ma0 cost 3 or less."
Return to Ravnica,Archon of the Triumvirate,Rare,{5}{W}{U},uw,Creature,archon,4,5,0,0,0,0,0,"Flying
Whenever Archon of the Triumvirate attacks, detain up to two target nonland permanents your opponents control. (Until your next turn, those permanents can't attack or block and their activated abilities can't be activated.)"
Return to Ravnica,Armada Wurm,Mythic Rare,{2}{G}{G}{W}{W},gw,Creature,wurm,5,5,0,0,0,0,0,"Trample
When Armada Wurm enters the battlefield, create a 5/5 green Wurm creature token with trample."
Return to Ravnica,Auger Spree,Common,{1}{B}{R},br,Instant,0,0,0,2,0,2,0,0,Target creature gets +4/-4 until end of turn.
Return to Ravnica,Azorius Charm,Uncommon,{W}{U},uw,Instant,0,0,0,0,0,0,0,0,"Choose one â€”
â€¢ Creatures you control gain lifelink until end of turn.
â€¢ Draw a card.
â€¢ Put target attacking or blocking creature on top of its owner's library."
Return to Ravnica,Call of the Conclave,Uncommon,{G}{W},gw,Sorcery,0,0,0,7,2,5,0,0,Create a 3/3 green Centaur creature token.
Return to Ravnica,Carnival Hellsteed,Rare,{4}{B}{R},br,Creature,nightmare horse,5,4,0,0,0,0,0,"First strike, haste
Unleash (You may have this creature enter the battlefield with a +1/+1 counter on it. It can't block as long as it has a +1/+1 counter on it.)"
Return to Ravnica,Centaur Healer,Common,{1}{G}{W},gw,Creature,centaur cleric,3,3,7,0,7,0,0,"When Centaur Healer enters the battlefield, you gain 3 life."
Return to Ravnica,Chemister's Trick,Common,{U}{R},ur,Instant,0,0,0,1,0,1,0,0,"Target creature you don't control gets -2/-0 until end of turn and attacks this turn if able.
Overload {3}{U}{R} (You may cast this spell for its overload cost. If you do, change its text by replacing all instances of ""target"" with ""each."")"
Return to Ravnica,Collective Blessing,Rare,{3}{G}{G}{W},gw,Enchantment,0,0,0,0,0,0,0,0,Creatures you control get +3/+3.
Return to Ravnica,Common Bond,Common,{1}{G}{W},gw,Instant,0,0,0,1,0,1,0,0,"Put a +1/+1 counter on target creature.
Put a +1/+1 counter on target creature."
Return to Ravnica,Corpsejack Me0ce,Rare,{2}{B}{G},bg,Creature,fungus,4,4,0,0,0,0,0,"If one or more +1/+1 counters would be put on a creature you control, twice that many +1/+1 counters are put on it instead."
Return to Ravnica,Counterflux,Rare,{U}{U}{R},br,Instant,0,0,0,0,0,0,0,0,"Counterflux can't be countered by spells or abilities.
Counter target spell you don't control.
Overload {1}{U}{U}{R} (You may cast this spell for its overload cost. If you do, change its text by replacing all instances of ""target"" with ""each."")"
Return to Ravnica,Coursers' Accord,Common,{4}{G}{W},gw,Sorcery,0,0,0,2,0,2,0,0,"Create a 3/3 green Centaur creature token, then populate. (Create a token that's a copy of a creature token you control.)"
Return to Ravnica,Detention Sphere,Rare,{1}{W}{U},uw,Enchantment,0,0,0,0,0,0,0,0,"When Detention Sphere enters the battlefield, you may exile target nonland permanent not 0med Detention Sphere and all other permanents with the same 0me as that permanent.
When Detention Sphere leaves the battlefield, return the exiled cards to the battlefield under their owner's control."
Return to Ravnica,Dramatic Rescue,Common,{W}{U},uw,Instant,0,0,0,2,0,2,0,0,Return target creature to its owner's hand. You gain 2 life.
Return to Ravnica,Dreadbore,Rare,{B}{R},br,Sorcery,0,0,0,0,0,0,0,0,Destroy target creature or planeswalker.
Return to Ravnica,Dreg Mangler,Uncommon,{1}{B}{G},bg,Creature,plant zombie,3,3,0,0,0,0,0,"Haste
Scavenge {3}{B}{G} ({3}{B}{G}, Exile this card from your graveyard: Put a number of +1/+1 counters equal to this card's power on target creature. Scavenge only as a sorcery.)"
Return to Ravnica,Epic Experiment,Mythic Rare,{X}{U}{R},ur,Sorcery,0,0,0,0,0,0,0,0,"Exile the top X cards of your library. For each instant and sorcery card with converted ma0 cost X or less among them, you may cast that card without paying its ma0 cost. Then put all cards exiled this way that weren't cast into your graveyard."
Return to Ravnica,Essence Backlash,Common,{2}{U}{R},ur,Instant,0,0,0,0,0,0,0,0,Counter target creature spell. Essence Backlash deals damage equal to that spell's power to its controller.
Return to Ravnica,Fall of the Gavel,Uncommon,{3}{W}{U},uw,Instant,0,0,0,0,0,0,0,0,Counter target spell. You gain 5 life.
Return to Ravnica,Firemind's Foresight,Rare,{5}{U}{R},ur,Instant,0,0,0,0,0,0,0,0,"Search your library for an instant card with converted ma0 cost 3, reveal it, and put it into your hand. Then repeat this process for instant cards with converted ma0 costs 2 and 1. Then shuffle your library."
Return to Ravnica,Goblin Electromancer,Common,{U}{R},ur,Creature,goblin wizard,2,2,1,0,1,0,0,Instant and sorcery spells you cast cost {1} less to cast.
Return to Ravnica,Golgari Charm,Uncommon,{B}{G},bg,Instant,0,0,0,0,0,0,0,0,"Choose one â€”
â€¢ All creatures get -1/-1 until end of turn.
â€¢ Destroy target enchantment.
â€¢ Regenerate each creature you control."
Return to Ravnica,Grisly Salvage,Common,{B}{G},bg,Instant,0,0,0,3,0,3,0,0,Reveal the top five cards of your library. You may put a creature or land card from among them into your hand. Put the rest into your graveyard.
Return to Ravnica,Havoc Festival,Rare,{4}{B}{R},br,Enchantment,0,0,0,0,0,0,0,0,"Players can't gain life.
At the beginning of each player's upkeep, that player loses half his or her life, rounded up."
Return to Ravnica,Hellhole Flailer,Uncommon,{1}{B}{R},br,Creature,orge warrior,3,2,2,0,2,0,0,"Unleash (You may have this creature enter the battlefield with a +1/+1 counter on it. It can't block as long as it has a +1/+1 counter on it.)
{2}{B}{R}, Sacrifice Hellhole Flailer: Hellhole Flailer deals damage equal to its power to target player."
Return to Ravnica,Heroes' Reunion,Uncommon,{G}{W},gw,Instant,0,0,0,1,0,1,0,0,Target player gains 7 life.
Return to Ravnica,Hussar Patrol,Common,{2}{W}{U},uw,Creature,human knight,2,4,1,1,0,0,0,"Flash (You may cast this spell any time you could cast an instant.)
Vigilance"
Return to Ravnica,Hypersonic Dragon,Rare,{3}{U}{R},ur,Creature,dragon,4,4,0,0,0,0,0,"Flying, haste
You may cast sorcery spells as though they had flash. (You may cast them any time you could cast an instant.)"
Return to Ravnica,"Isperia, Supreme Judge",Mythic Rare,{2}{W}{W}{U}{U},uw,Creature,sphinx,6,4,0,0,0,0,0,"Flying
Whenever a creature attacks you or a planeswalker you control, you may draw a card."
Return to Ravnica,Izzet Charm,Uncommon,{U}{R},ur,Instant,0,0,0,0,0,0,0,,"Choose one â€”
â€¢ Counter target noncreature spell unless its controller pays {2}.
â€¢ Izzet Charm deals 2 damage to target creature.
â€¢ Draw two cards, then discard two cards."
Return to Ravnica,Izzet Staticaster,Uncommon,{1}{U}{R},ur,Creature,human wizard,0,3,0,0,0,0,,"Flash (You may cast this spell any time you could cast an instant.)
Haste
{T}: Izzet Staticaster deals 1 damage to target creature and each other creature with the same 0me as that creature."
Return to Ravnica,"Jarad, Golgari Lich Lord",Mythic Rare,{B}{B}{G}{G},bg,Creature,zombie elf,2,2,0,0,0,0,,"Jarad, Golgari Lich Lord gets +1/+1 for each creature card in your graveyard.
{1}{B}{G}, Sacrifice another creature: Each opponent loses life equal to the sacrificed creature's power.
Sacrifice a Swamp and a Forest: Return Jarad from your graveyard to your hand."
Return to Ravnica,Jarad's Orders,Rare,{2}{B}{G},bg,Sorcery,0,0,0,0,0,0,0,,Search your library for up to two creature cards and reveal them. Put one into your hand and the other into your graveyard. Then shuffle your library.
Return to Ravnica,Korozda Guildmage,Uncommon,{B}{G},bg,Creature,elf shaman,2,2,0,0,0,0,,"{1}{B}{G}: Target creature gets +1/+1 and gains intimidate until end of turn. (It can't be blocked except by artifact creatures and/or creatures that share a color with it.)
{2}{B}{G}, Sacrifice a nontoken creature: Create X 1/1 green Saproling creature tokens, where X is the sacrificed creature's toughness."
Return to Ravnica,Lotleth Troll,Rare,{B}{G},bg,Creature,zombie troll,2,1,1,0,1,0,,"Trample
Discard a creature card: Put a +1/+1 counter on Lotleth Troll.
{B}: Regenerate Lotleth Troll."
Return to Ravnica,Loxodon Smiter,Rare,{1}{G}{W},gw,Creature,elephant soldier,4,4,0,0,0,0,,"Loxodon Smiter can't be countered.
If a spell or ability an opponent controls causes you to discard Loxodon Smiter, put it onto the battlefield instead of putting it into your graveyard."
Return to Ravnica,Lyev Skyknight,Uncommon,{1}{W}{U},uw,Creature,human knight,3,1,3,0,3,0,,"Flying
When Lyev Skyknight enters the battlefield, detain target nonland permanent an opponent controls. (Until your next turn, that permanent can't attack or block and its activated abilities can't be activated.)"
Return to Ravnica,Mercurial Chemister,Rare,{3}{U}{R},ur,Creature,human wizard,2,3,0,0,0,0,,"{U}, {T}: Draw two cards.
{R}, {T}, Discard a card: Mercurial Chemister deals damage to target creature equal to the discarded card's converted ma0 cost."
Return to Ravnica,New Prahv Guildmage,Uncommon,{W}{U},uw,Creature,human wizard,2,2,1,0,1,0,,"{W}{U}: Target creature gains flying until end of turn.
{3}{W}{U}: Detain target nonland permanent an opponent controls. (Until your next turn, that permanent can't attack or block and its activated abilities can't be activated.)"
Return to Ravnica,Nivix Guildmage,Uncommon,{U}{R},ur,Creature,human wizard,2,2,0,0,0,0,,"{1}{U}{R}: Draw a card, then discard a card.
{2}{U}{R}: Copy target instant or sorcery spell you control. You may choose new targets for the copy."
Return to Ravnica,"Niv-Mizzet, Dracogenius",Mythic Rare,{2}{U}{U}{R}{R},ur,Creature,dragon wizard,5,5,0,0,0,0,,"Flying
Whenever Niv-Mizzet, Dracogenius deals damage to a player, you may draw a card.
{U}{R}: Niv-Mizzet, Dracogenius deals 1 damage to target creature or player."
Return to Ravnica,Rakdos Charm,Uncommon,{B}{R},br,Instant,0,0,0,0,0,0,0,,"Choose one â€”
â€¢ Exile all cards from target player's graveyard.
â€¢ Destroy target artifact.
â€¢ Each creature deals 1 damage to its controller."
Return to Ravnica,Rakdos Ragemutt,Uncommon,{3}{B}{R},br,Creature,elemantal hound,3,3,0,0,0,0,,"Lifelink, haste"
Return to Ravnica,Rakdos Ringleader,Uncommon,{4}{B}{R},br,Creature,skeleton warrior,3,1,0,0,0,0,,"First strike
Whenever Rakdos Ringleader deals combat damage to a player, that player discards a card at random.
{B}: Regenerate Rakdos Ringleader."
Return to Ravnica,"Rakdos, Lord of Riots",Mythic Rare,{B}{B}{R}{R},br,Creature,demon,6,6,0,0,0,0,,"You can't cast Rakdos, Lord of Riots unless an opponent lost life this turn.
Flying, trample
Creature spells you cast cost {1} less to cast for each 1 life your opponents have lost this turn."
Return to Ravnica,Rakdos's Return,Mythic Rare,{X}{B}{R},br,Sorcery,0,0,0,0,0,0,0,,Rakdos's Return deals X damage to target opponent. That player discards X cards.
Return to Ravnica,Righteous Authority,Rare,{3}{W}{U},uw,Enchantment,0,0,0,0,0,0,0,,"Enchant creature
Enchanted creature gets +1/+1 for each card in its controller's hand.
At the beginning of the draw step of enchanted creature's controller, that player draws an additio0l card."
Return to Ravnica,Risen Sanctuary,Uncommon,{5}{G}{W},gw,Creature,elemental,8,8,1,0,1,0,,Vigilance
Return to Ravnica,Rites of Reaping,Uncommon,{4}{B}{G},bg,Sorcery,0,0,0,0,0,0,0,,Target creature gets +3/+3 until end of turn. Another target creature gets -3/-3 until end of turn.
Return to Ravnica,Rix Maadi Guildmage,Uncommon,{B}{R},br,Creature,human shaman,2,2,1,0,1,0,,"{B}{R}: Target blocking creature gets -1/-1 until end of turn.
{B}{R}: Target player who lost life this turn loses 1 life."
Return to Ravnica,Search Warrant,Common,{W}{U},bw,Sorcery,0,0,0,1,0,1,0,,Target player reveals his or her hand. You gain life equal to the number of cards in that player's hand.
Return to Ravnica,Selesnya Charm,Uncommon,{G}{W},gw,Instant,0,0,0,0,0,0,0,,"Choose one â€”
â€¢ Target creature gets +2/+2 and gains trample until end of turn.
â€¢ Exile target creature with power 5 or greater.
â€¢ Create a 2/2 white Knight creature token with vigilance."
Return to Ravnica,Skull Rend,Common,{3}{B}{R},br,Sorcery,0,0,0,3,0,3,0,,Skull Rend deals 2 damage to each opponent. Those players each discard two cards at random.
Return to Ravnica,Skymark Roc,Uncommon,{2}{W}{U},bw,Creature,bird,3,3,2,0,2,0,,"Flying
Whenever Skymark Roc attacks, you may return target creature defending player controls with toughness 2 or less to its owner's hand."
Return to Ravnica,Slaughter Games,Rare,{2}{B}{R},br,Sorcery,0,0,0,0,0,0,0,,"Slaughter Games can't be countered by spells or abilities.
Choose a nonland card 0me. Search target opponent's graveyard, hand, and library for any number of cards with that 0me and exile them. Then that player shuffles his or her library."
Return to Ravnica,Sluiceway Scorpion,Common,{2}{B}{G},bg,Creature,scorpion,2,2,4,0,4,0,,"Deathtouch (Any amount of damage this deals to a creature is enough to destroy it.)
Scavenge {1}{B}{G} ({1}{B}{G}, Exile this card from your graveyard: Put a number of +1/+1 counters equal to this card's power on target creature. Scavenge only as a sorcery.)"
Return to Ravnica,Spawn of Rix Maadi,Common,{3}{B}{R},br,Creature,horror,5,3,1,0,1,0,,Unleash (You may have this creature enter the battlefield with a +1/+1 counter on it. It can't block as long as it has a +1/+1 counter on it.)
Return to Ravnica,Sphinx's Revelation,Mythic Rare,{X}{W}{U}{U},uw,Instant,0,0,0,0,0,0,0,,You gain X life and draw X cards.
Return to Ravnica,Supreme Verdict,Rare,{1}{W}{W}{U},uw,Sorcery,0,0,0,0,0,0,0,,"Supreme Verdict can't be countered.
Destroy all creatures."
Return to Ravnica,Teleportal,Uncommon,{U}{R},ur,Sorcery,0,0,0,1,0,1,0,,"Target creature you control gets +1/+0 until end of turn and can't be blocked this turn.
Overload {3}{U}{R} (You may cast this spell for its overload cost. If you do, change its text by replacing all instances of ""target"" with ""each."")"
Return to Ravnica,Thoughtflare,Uncommon,{3}{U}{R},ur,Instant,0,0,0,1,0,1,0,,"Draw four cards, then discard two cards."
Return to Ravnica,Treasured Find,Uncommon,{B}{G},bg,Sorcery,0,0,0,1,0,1,0,,Return target card from your graveyard to your hand. Exile Treasured Find.
Return to Ravnica,Trestle Troll,Common,{1}{B}{G},bg,Creature,troll,1,4,4,0,4,0,,"Defender
Reach (This creature can block creatures with flying.)
{1}{B}{G}: Regenerate Trestle Troll."
Return to Ravnica,"Trostani, Selesnya's Voice",Mythic Rare,{G}{G}{W}{W},gw,Creature,dryad,2,5,0,0,0,0,,"Whenever another creature enters the battlefield under your control, you gain life equal to that creature's toughness.
{1}{G}{W}, {T}: Populate. (Create a token that's a copy of a creature token you control.)"
Return to Ravnica,Vitu-Ghazi Guildmage,Uncommon,{G}{W},,Creature,dryad shaman,2,2,4,0,4,0,,"{4}{G}{W}: Create a 3/3 green Centaur creature token.
{2}{G}{W}: Populate. (Create a token that's a copy of a creature token you control.)"
Return to Ravnica,Vraska the Unseen,Mythic Rare,{3}{B}{G},bg,Planeswalker,0,0,0,1,0,1,0,,"+1: Until your next turn, whenever a creature deals combat damage to Vraska the Unseen, destroy that creature.
âˆ’3: Destroy target nonland permanent.
âˆ’7: Create three 1/1 black Assassin creature tokens with ""Whenever this creature deals combat damage to a player, that player loses the game."""
Return to Ravnica,Wayfaring Temple,Rare,{1}{G}{W},gw,Creature,elemental,0,0,0,0,0,0,,"Wayfaring Temple's power and toughness are each equal to the number of creatures you control.
Whenever Wayfaring Temple deals combat damage to a player, populate. (Create a token that's a copy of a creature token you control.)"
Return to Ravnica,Azor's Elocutors,Rare,{3}{W/U}{W/U},uw,Creature,human advisor,3,5,0,0,0,0,,"At the beginning of your upkeep, put a filibuster counter on Azor's Elocutors. Then if Azor's Elocutors has five or more filibuster counters on it, you win the game.
Whenever a source deals damage to you, remove a filibuster counter from Azor's Elocutors."
Return to Ravnica,Blistercoil Weird,Uncommon,{U/R},ur,Creature,weird,1,1,0,0,0,0,,"Whenever you cast an instant or sorcery spell, Blistercoil Weird gets +1/+1 until end of turn. Untap it."
Return to Ravnica,Cryptborn Horror,Rare,{1}{B/R}{B/R},br,Creature,horror,0,0,0,0,0,0,,"Trample
Cryptborn Horror enters the battlefield with X +1/+1 counters on it, where X is the total life lost by your opponents this turn."
Return to Ravnica,Deathrite Shaman,Rare,{B/G},bg,Creature,elf shaman,1,2,0,0,0,0,,"{T}: Exile target land card from a graveyard. Add one ma0 of any color to your ma0 pool.
{B}, {T}: Exile target instant or sorcery card from a graveyard. Each opponent loses 2 life.
{G}, {T}: Exile target creature card from a graveyard. You gain 2 life."
Return to Ravnica,Dryad Militant,Uncommon,{G/W},gw,Creature,dryad soldier,2,1,5,2,3,0,,"If an instant or sorcery card would be put into a graveyard from anywhere, exile it instead."
Return to Ravnica,Frostburn Weird,Common,{U/R}{U/R},ur,Creature,weird,1,4,1,0,1,0,,{U/R}: Frostburn Weird gets +1/-1 until end of turn.
Return to Ravnica,Golgari Longlegs,Common,{3}{B/G}{B/G},bg,Creature,insect,5,4,1,0,1,0,,
Return to Ravnica,Growing Ranks,Rare,{2}{G/W}{G/W},gw,Enchantment,0,0,0,0,0,0,0,,"At the beginning of your upkeep, populate. (Create a token that's a copy of a creature token you control.)"
Return to Ravnica,Judge's Familiar,Uncommon,{W/U},uw,Creature,bird,1,1,3,0,3,0,,"Flying
Sacrifice Judge's Familiar: Counter target instant or sorcery spell unless its controller pays {1}."
Return to Ravnica,Nivmagus Elemental,Rare,{U/R},ur,Creature,elemental,1,2,1,0,1,0,,Exile an instant or sorcery spell you control: Put two +1/+1 counters on Nivmagus Elemental. (That spell won't resolve.)
Return to Ravnica,Rakdos Cackler,Uncommon,{B/R},br,Creature,devil,1,1,0,0,0,0,,Unleash (You may have this creature enter the battlefield with a +1/+1 counter on it. It can't block as long as it has a +1/+1 counter on it.)
Return to Ravnica,Rakdos Shred-Freak,Common,{B/R}{B/R},br,Creature,human berserker,2,1,0,0,0,0,,Haste
Return to Ravnica,Slitherhead,Uncommon,{B/G},bg,Creature,plant zombie,1,1,1,0,1,0,,"Scavenge {0} ({0}, Exile this card from your graveyard: Put a number of +1/+1 counters equal to this card's power on target creature. Scavenge only as a sorcery.)"
Return to Ravnica,Sundering Growth,Common,{G/W}{G/W},gw,Instant,0,0,0,4,2,2,0,,"Destroy target artifact or enchantment, then populate. (Create a token that's a copy of a creature token you control.)"
Return to Ravnica,Vassal Soul,Common,{1}{W/U}{W/U},uw,Creature,spirit,2,2,3,0,3,0,,Flying
Return to Ravnica,Azorius Keyrune,Uncommon,{3},a,Artifact,0,0,0,1,0,1,0,,"{T}: Add {W} or {U} to your ma0 pool.
{W}{U}: Azorius Keyrune becomes a 2/2 white and blue Bird artifact creature with flying until end of turn."
Return to Ravnica,Chromatic Lantern,Rare,{3},a,Artifact,0,0,0,0,0,0,0,,"Lands you control have ""{T}: Add one ma0 of any color to your ma0 pool.""
{T}: Add one ma0 of any color to your ma0 pool."
Return to Ravnica,Civic Saber,Uncommon,{1},a,Artifact,0,0,0,1,0,1,0,,"Equipped creature gets +1/+0 for each of its colors.
Equip {1}"
Return to Ravnica,Codex Shredder,Uncommon,{1},a,Artifact,0,0,0,0,0,0,0,,"{T}: Target player puts the top card of his or her library into his or her graveyard.
{5}, {T}, Sacrifice Codex Shredder: Return target card from your graveyard to your hand."
Return to Ravnica,Golgari Keyrune,Uncommon,{3},a,Artifact,0,0,0,1,0,1,0,,"{T}: Add {B} or {G} to your ma0 pool.
{B}{G}: Golgari Keyrune becomes a 2/2 black and green Insect artifact creature with deathtouch until end of turn."
Return to Ravnica,Izzet Keyrune,Uncommon,{3},a,Artifact,0,0,0,0,0,0,0,,"{T}: Add {U} or {R} to your ma0 pool.
{U}{R}: Until end of turn, Izzet Keyrune becomes a 2/1 blue and red Elemental artifact creature.
Whenever Izzet Keyrune deals combat damage to a player, you may draw a card. If you do, discard a card."
Return to Ravnica,Pithing Needle,Rare,{1},a,Artifact,0,0,0,0,0,0,0,,"As Pithing Needle enters the battlefield, choose a card 0me.
Activated abilities of sources with the chosen 0me can't be activated unless they're ma0 abilities."
Return to Ravnica,Rakdos Keyrune,Uncommon,{3},a,Artifact,0,0,0,2,0,2,0,,"{T}: Add {B} or {R} to your ma0 pool.
{B}{R}: Rakdos Keyrune becomes a 3/1 black and red Devil artifact creature with first strike until end of turn."
Return to Ravnica,Selesnya Keyrune,Uncommon,{3},a,Artifact,0,0,0,0,0,0,0,,"{T}: Add {G} or {W} to your ma0 pool.
{G}{W}: Selesnya Keyrune becomes a 3/3 green and white Wolf artifact creature until end of turn."
Return to Ravnica,Street Sweeper,Uncommon,{6},a,Artifact,0,0,0,1,0,1,0,,"Whenever Street Sweeper attacks, destroy all Auras attached to target land."
Return to Ravnica,Tablet of the Guilds,Uncommon,{2},a,Artifact,0,0,0,0,0,0,0,,"As Tablet of the Guilds enters the battlefield, choose two colors.
Whenever you cast a spell, if it's at least one of the chosen colors, you gain 1 life for each of the chosen colors it is."
Return to Ravnica,Volatile Rig,Rare,{4},a,Artifact,0,0,0,0,0,0,0,,"Trample
Volatile Rig attacks each combat if able.
Whenever Volatile Rig is dealt damage, flip a coin. If you lose the flip, sacrifice Volatile Rig.
When Volatile Rig dies, flip a coin. If you lose the flip, it deals 4 damage to each creature and each player."
Return to Ravnica,Azorius Guildgate,Common,0,l,Land,0,0,0,0,0,0,0,,"Azorius Guildgate enters the battlefield tapped.
{T}: Add {W} or {U} to your ma0 pool."
Return to Ravnica,Blood Crypt,Rare,0,l,Land,0,0,0,0,0,0,0,,"({T}: Add {B} or {R} to your ma0 pool.)
As Blood Crypt enters the battlefield, you may pay 2 life. If you don't, Blood Crypt enters the battlefield tapped."
Return to Ravnica,Golgari Guildgate,Common,0,l,Land,0,0,0,0,0,0,0,,"Golgari Guildgate enters the battlefield tapped.
{T}: Add {B} or {G} to your ma0 pool."
Return to Ravnica,Grove of the Guardian,Rare,0,l,Land,0,0,0,1,0,1,0,,"{T}: Add {C} to your ma0 pool.
{3}{G}{W}, {T}, Tap two untapped creatures you control, Sacrifice Grove of the Guardian: Create an 8/8 green and white Elemental creature token with vigilance."
Return to Ravnica,Hallowed Fountain,Rare,0,l,Land,0,0,0,0,0,0,0,,"({T}: Add {W} or {U} to your ma0 pool.)
As Hallowed Fountain enters the battlefield, you may pay 2 life. If you don't, Hallowed Fountain enters the battlefield tapped."
Return to Ravnica,Izzet Guildgate,Common,0,l,Land,0,0,0,0,0,0,0,,"Izzet Guildgate enters the battlefield tapped.
{T}: Add {U} or {R} to your ma0 pool."
Return to Ravnica,Overgrown Tomb,Rare,0,l,Land,0,0,0,0,0,0,0,,"({T}: Add {B} or {G} to your ma0 pool.)
As Overgrown Tomb enters the battlefield, you may pay 2 life. If you don't, Overgrown Tomb enters the battlefield tapped."
Return to Ravnica,Rakdos Guildgate,Common,0,l,Land,0,0,0,0,0,0,0,,"Rakdos Guildgate enters the battlefield tapped.
{T}: Add {B} or {R} to your ma0 pool."
Return to Ravnica,Rogue's Passage,Uncommon,0,l,Land,0,0,0,0,0,0,0,,"{T}: Add {C} to your ma0 pool.
{4}, {T}: Target creature can't be blocked this turn."
Return to Ravnica,Selesnya Guildgate,Common,0,l,Land,0,0,0,0,0,0,0,,"Selesnya Guildgate enters the battlefield tapped.
{T}: Add {G} or {W} to your ma0 pool."
Return to Ravnica,Steam Vents,Rare,0,l,Land,0,0,0,0,0,0,0,,"({T}: Add {U} or {R} to your ma0 pool.)
As Steam Vents enters the battlefield, you may pay 2 life. If you don't, Steam Vents enters the battlefield tapped."
Return to Ravnica,Temple Garden,Rare,0,l,Land,0,0,0,0,0,0,0,,"({T}: Add {G} or {W} to your ma0 pool.)
As Temple Garden enters the battlefield, you may pay 2 life. If you don't, Temple Garden enters the battlefield tapped."
Return to Ravnica,Transguild Prome0de,Common,0,l,Land,0,0,0,0,0,0,0,,"Transguild Prome0de enters the battlefield tapped.
When Transguild Prome0de enters the battlefield, sacrifice it unless you pay {1}.
{T}: Add one ma0 of any color to your ma0 pool."
,,,,,,,,,,,,,,
,,,,,,,,,,,,,,
