setCode,name,rarity,manaCost,colorIdentity,types,subtypes,power,toughness,quantity,nm,lp,p,foil,text
RIX,Baffling End,uncommon,{1}{W},W,Enchantment,0,0,0,0,0,0,0,0,"When Baffling End enters the battlefield, exile target creature an opponent controls with mana value 3 or less.\nWhen Baffling End leaves the battlefield, target opponent creates a 3/3 green Dinosaur creature token with trample."
RIX,Bishop of Binding,rare,{3}{W},W,Creature,"Vampire, Cleric",1,1,0,0,0,0,0,"When Bishop of Binding enters the battlefield, exile target creature an opponent controls until Bishop of Binding leaves the battlefield.\nWhenever Bishop of Binding attacks, target Vampire gets +X/+X until end of turn, where X is the power of the exiled card."
RIX,Blazing Hope,uncommon,{W},W,Instant,0,0,0,0,0,0,0,0,Exile target creature with power greater than or equal to your life total.
RIX,Cleansing Ray,common,{1}{W},W,Sorcery,0,0,0,0,0,0,0,0,Choose one —\n• Destroy target Vampire.\n• Destroy target enchantment.
RIX,Divine Verdict,common,{3}{W},W,Instant,0,0,0,0,0,0,0,0,Destroy target attacking or blocking creature.
RIX,Everdawn Champion,uncommon,{1}{W}{W},W,Creature,"Human, Soldier",2,2,0,0,0,0,0,Prevent all combat damage that would be dealt to Everdawn Champion.
RIX,Exultant Skymarcher,common,{1}{W}{W},W,Creature,"Vampire, Soldier",2,3,0,0,0,0,0,Flying
RIX,Famished Paladin,uncommon,{1}{W},W,Creature,"Vampire, Knight",3,3,0,0,0,0,0,"Famished Paladin doesn't untap during your untap step.\nWhenever you gain life, untap Famished Paladin."
RIX,Forerunner of the Legion,uncommon,{2}{W},W,Creature,"Vampire, Knight",2,2,0,0,0,0,0,"When Forerunner of the Legion enters the battlefield, you may search your library for a Vampire card, reveal it, then shuffle and put that card on top.\nWhenever another Vampire enters the battlefield under your control, target creature gets +1/+1 until end of turn."
RIX,Imperial Ceratops,uncommon,{4}{W},W,Creature,Dinosaur,3,5,0,0,0,0,0,"Enrage — Whenever Imperial Ceratops is dealt damage, you gain 2 life."
RIX,Legion Conquistador,common,{2}{W},W,Creature,"Vampire, Soldier",2,2,0,0,0,0,0,"When Legion Conquistador enters the battlefield, you may search your library for any number of cards named Legion Conquistador, reveal them, put them into your hand, then shuffle."
RIX,Luminous Bonds,common,{2}{W},W,Enchantment,Aura,0,0,0,0,0,0,0,Enchant creature\nEnchanted creature can't attack or block.
RIX,Majestic Heliopterus,uncommon,{3}{W},W,Creature,Dinosaur,2,2,0,0,0,0,0,"Flying\nWhenever Majestic Heliopterus attacks, another target Dinosaur you control gains flying until end of turn."
RIX,Martyr of Dusk,common,{1}{W},W,Creature,"Vampire, Soldier",2,1,0,0,0,0,0,"When Martyr of Dusk dies, create a 1/1 white Vampire creature token with lifelink."
RIX,Moment of Triumph,common,{W},W,Instant,0,0,0,0,0,0,0,0,Target creature gets +2/+2 until end of turn. You gain 2 life.
RIX,Paladin of Atonement,rare,{1}{W},W,Creature,"Vampire, Knight",1,1,0,0,0,0,0,"At the beginning of each upkeep, if you lost life last turn, put a +1/+1 counter on Paladin of Atonement.\nWhen Paladin of Atonement dies, you gain life equal to its toughness."
RIX,Pride of Conquerors,uncommon,{1}{W},W,Instant,0,0,0,0,0,0,0,0,"Ascend (If you control ten or more permanents, you get the city's blessing for the rest of the game.)\nCreatures you control get +1/+1 until end of turn. If you have the city's blessing, those creatures get +2/+2 until end of turn instead."
RIX,Radiant Destiny,rare,{2}{W},W,Enchantment,0,0,0,0,0,0,0,0,"Ascend (If you control ten or more permanents, you get the city's blessing for the rest of the game.)\nAs Radiant Destiny enters the battlefield, choose a creature type.\nCreatures you control of the chosen type get +1/+1. As long as you have the city's blessing, they also have vigilance."
RIX,Raptor Companion,common,{1}{W},W,Creature,Dinosaur,3,1,0,0,0,0,0,0
RIX,Sanguine Glorifier,common,{3}{W},W,Creature,"Vampire, Cleric",3,3,0,0,0,0,0,"When Sanguine Glorifier enters the battlefield, put a +1/+1 counter on another target Vampire you control."
RIX,Skymarcher Aspirant,uncommon,{W},W,Creature,"Vampire, Soldier",2,1,0,0,0,0,0,"Ascend (If you control ten or more permanents, you get the city's blessing for the rest of the game.)\nSkymarcher Aspirant has flying as long as you have the city's blessing."
RIX,Slaughter the Strong,rare,{1}{W}{W},W,Sorcery,0,0,0,0,0,0,0,0,"Each player chooses any number of creatures they control with total power 4 or less, then sacrifices all other creatures they control."
RIX,Snubhorn Sentry,common,{W},W,Creature,Dinosaur,0,3,0,0,0,0,0,"Ascend (If you control ten or more permanents, you get the city's blessing for the rest of the game.)\nSnubhorn Sentry gets +3/+0 as long as you have the city's blessing."
RIX,Sphinx's Decree,rare,{1}{W},W,Sorcery,0,0,0,0,0,0,0,0,Each opponent can't cast instant or sorcery spells during that player's next turn.
RIX,Squire's Devotion,common,{2}{W},W,Enchantment,Aura,0,0,0,0,0,0,0,"Enchant creature\nEnchanted creature gets +1/+1 and has lifelink.\nWhen Squire's Devotion enters the battlefield, create a 1/1 white Vampire creature token with lifelink."
RIX,Sun Sentinel,common,{1}{W},W,Creature,"Human, Soldier",2,2,0,0,0,0,0,Vigilance (Attacking doesn't cause this creature to tap.)
RIX,Sun-Crested Pterodon,common,{4}{W},W,Creature,Dinosaur,2,5,0,0,0,0,0,Flying\nSun-Crested Pterodon has vigilance as long as you control another Dinosaur.
RIX,Temple Altisaur,rare,{4}{W},W,Creature,Dinosaur,3,4,0,0,0,0,0,"If a source would deal damage to another Dinosaur you control, prevent all but 1 of that damage."
RIX,Trapjaw Tyrant,mythic,{3}{W}{W},W,Creature,Dinosaur,5,5,0,0,0,0,0,"Enrage — Whenever Trapjaw Tyrant is dealt damage, exile target creature an opponent controls until Trapjaw Tyrant leaves the battlefield."
RIX,"Zetalpa, Primal Dawn",rare,{6}{W}{W},W,Creature,"Elder, Dinosaur",4,8,0,0,0,0,0,"Flying, double strike, vigilance, trample, indestructible"
RIX,Admiral's Order,rare,{1}{U}{U},U,Instant,0,0,0,0,0,0,0,0,"Raid — If you attacked this turn, you may pay {U} rather than pay this spell's mana cost.\nCounter target spell."
RIX,Aquatic Incursion,uncommon,{3}{U},U,Enchantment,0,0,0,0,0,0,0,0,"When Aquatic Incursion enters the battlefield, create two 1/1 blue Merfolk creature tokens with hexproof. (They can't be the targets of spells or abilities your opponents control.)\n{3}{U}: Target Merfolk can't be blocked this turn."
RIX,Crafty Cutpurse,rare,{3}{U},U,Creature,"Human, Pirate",2,2,0,0,0,0,0,"Flash\nWhen Crafty Cutpurse enters the battlefield, each token that would be created under an opponent's control this turn is created under your control instead."
RIX,Crashing Tide,common,{2}{U},U,Sorcery,0,0,0,0,0,0,0,0,This spell has flash as long as you control a Merfolk.\nReturn target creature to its owner's hand.\nDraw a card.
RIX,Curious Obsession,uncommon,{U},U,Enchantment,Aura,0,0,0,0,0,0,0,"Enchant creature\nEnchanted creature gets +1/+1 and has ""Whenever this creature deals combat damage to a player, you may draw a card.""\nAt the beginning of your end step, if you didn't attack with a creature this turn, sacrifice Curious Obsession."
RIX,Deadeye Rig-Hauler,common,{3}{U},U,Creature,"Human, Pirate",3,2,0,0,0,0,0,"Raid — When Deadeye Rig-Hauler enters the battlefield, if you attacked this turn, you may return target creature to its owner's hand."
RIX,Expel from Orazca,uncommon,{1}{U},U,Instant,0,0,0,0,0,0,0,0,"Ascend (If you control ten or more permanents, you get the city's blessing for the rest of the game.)\nReturn target nonland permanent to its owner's hand. If you have the city's blessing, you may put that permanent on top of its owner's library instead."
RIX,Flood of Recollection,uncommon,{U}{U},U,Sorcery,0,0,0,0,0,0,0,0,Return target instant or sorcery card from your graveyard to your hand. Exile Flood of Recollection.
RIX,Hornswoggle,uncommon,{2}{U},U,Instant,0,0,0,0,0,0,0,0,"Counter target creature spell. You create a Treasure token. (It's an artifact with ""{T}, Sacrifice this artifact: Add one mana of any color."")"
RIX,Induced Amnesia,rare,{2}{U},U,Enchantment,0,0,0,0,0,0,0,0,"When Induced Amnesia enters the battlefield, target player exiles all cards from their hand face down, then draws that many cards.\nWhen Induced Amnesia is put into a graveyard from the battlefield, return the exiled cards to their owner's hand."
RIX,Kitesail Corsair,common,{1}{U},U,Creature,"Human, Pirate",2,1,0,0,0,0,0,Kitesail Corsair has flying as long as it's attacking.
RIX,Kumena's Awakening,rare,{2}{U}{U},U,Enchantment,0,0,0,0,0,0,0,0,"Ascend (If you control ten or more permanents, you get the city's blessing for the rest of the game.)\nAt the beginning of your upkeep, each player draws a card. If you have the city's blessing, instead only you draw a card."
RIX,Mist-Cloaked Herald,common,{U},U,Creature,"Merfolk, Warrior",1,1,0,0,0,0,0,Mist-Cloaked Herald can't be blocked.
RIX,Negate,common,{1}{U},U,Instant,0,0,0,0,0,0,0,0,Counter target noncreature spell.
RIX,"Nezahal, Primal Tide",rare,{5}{U}{U},U,Creature,"Elder, Dinosaur",7,7,0,0,0,0,0,"This spell can't be countered.\nYou have no maximum hand size.\nWhenever an opponent casts a noncreature spell, draw a card.\nDiscard three cards: Exile Nezahal, Primal Tide. Return it to the battlefield tapped under its owner's control at the beginning of the next end step."
RIX,Release to the Wind,rare,{2}{U},U,Instant,0,0,0,0,0,0,0,0,"Exile target nonland permanent. For as long as that card remains exiled, its owner may cast it without paying its mana cost."
RIX,River Darter,common,{2}{U},U,Creature,"Merfolk, Warrior",2,3,0,0,0,0,0,River Darter can't be blocked by Dinosaurs.
RIX,Riverwise Augur,uncommon,{3}{U},U,Creature,"Merfolk, Wizard",2,2,0,0,0,0,0,"When Riverwise Augur enters the battlefield, draw three cards, then put two cards from your hand on top of your library in any order."
RIX,Sailor of Means,common,{2}{U},U,Creature,"Human, Pirate",1,4,0,0,0,0,0,"When Sailor of Means enters the battlefield, create a Treasure token. (It's an artifact with ""{T}, Sacrifice this artifact: Add one mana of any color."")"
RIX,Sea Legs,common,{U},U,Enchantment,Aura,0,0,0,0,0,0,0,"Flash\nEnchant creature\nEnchanted creature gets +0/+2 as long as it's a Pirate. Otherwise, it gets -2/-0."
RIX,Seafloor Oracle,rare,{2}{U}{U},U,Creature,"Merfolk, Wizard",2,3,0,0,0,0,0,"Whenever a Merfolk you control deals combat damage to a player, draw a card."
RIX,Secrets of the Golden City,common,{1}{U}{U},U,Sorcery,0,0,0,0,0,0,0,0,"Ascend (If you control ten or more permanents, you get the city's blessing for the rest of the game.)\nDraw two cards. If you have the city's blessing, draw three cards instead."
RIX,Silvergill Adept,uncommon,{1}{U},U,Creature,"Merfolk, Wizard",2,1,0,0,0,0,0,"As an additional cost to cast this spell, reveal a Merfolk card from your hand or pay {3}.\nWhen Silvergill Adept enters the battlefield, draw a card."
RIX,Siren Reaver,uncommon,{3}{U},U,Creature,"Siren, Pirate",3,2,0,0,0,0,0,Raid — This spell costs {1} less to cast if you attacked this turn.\nFlying
RIX,Slippery Scoundrel,uncommon,{2}{U},U,Creature,"Human, Pirate",2,2,0,0,0,0,0,"Ascend (If you control ten or more permanents, you get the city's blessing for the rest of the game.)\nAs long as you have the city's blessing, Slippery Scoundrel has hexproof and can't be blocked."
RIX,Soul of the Rapids,common,{3}{U}{U},U,Creature,Elemental,3,2,0,0,0,0,0,Flying\nHexproof (This creature can't be the target of spells or abilities your opponents control.)
RIX,Spire Winder,common,{3}{U},U,Creature,Snake,2,3,0,0,0,0,0,"Flying\nAscend (If you control ten or more permanents, you get the city's blessing for the rest of the game.)\nSpire Winder gets +1/+1 as long as you have the city's blessing."
RIX,Sworn Guardian,common,{1}{U},U,Creature,"Merfolk, Warrior",1,3,0,0,0,0,0,0
RIX,Timestream Navigator,mythic,{1}{U},U,Creature,"Human, Pirate, Wizard",1,1,0,0,0,0,0,"Ascend (If you control ten or more permanents, you get the city's blessing for the rest of the game.)\n{2}{U}{U}, {T}, Put Timestream Navigator on the bottom of its owner's library: Take an extra turn after this one. Activate only if you have the city's blessing."
RIX,Warkite Marauder,rare,{1}{U},U,Creature,"Human, Pirate",2,1,0,0,0,0,0,"Flying\nWhenever Warkite Marauder attacks, target creature defending player controls loses all abilities and has base power and toughness 0/1 until end of turn."
RIX,Waterknot,common,{1}{U}{U},U,Enchantment,Aura,0,0,0,0,0,0,0,"Enchant creature\nWhen Waterknot enters the battlefield, tap enchanted creature.\nEnchanted creature doesn't untap during its controller's untap step."
RIX,Arterial Flow,uncommon,{1}{B}{B},B,Sorcery,0,0,0,0,0,0,0,0,"Each opponent discards two cards. If you control a Vampire, each opponent loses 2 life and you gain 2 life."
RIX,Canal Monitor,common,{4}{B},B,Creature,Lizard,5,3,0,0,0,0,0,0
RIX,Champion of Dusk,rare,{3}{B}{B},B,Creature,"Vampire, Knight",4,4,0,0,0,0,0,"When Champion of Dusk enters the battlefield, you draw X cards and you lose X life, where X is the number of Vampires you control."
RIX,Dark Inquiry,common,{2}{B},B,Sorcery,0,0,0,0,0,0,0,0,Target opponent reveals their hand. You choose a nonland card from it. That player discards that card.
RIX,Dead Man's Chest,rare,{1}{B},B,Enchantment,Aura,0,0,0,0,0,0,0,"Enchant creature an opponent controls\nWhen enchanted creature dies, exile cards equal to its power from the top of its owner's library. You may cast spells from among those cards for as long as they remain exiled, and mana of any type can be spent to cast them."
RIX,Dinosaur Hunter,common,{1}{B},B,Creature,"Human, Pirate",2,2,0,0,0,0,0,"Whenever Dinosaur Hunter deals damage to a Dinosaur, destroy that creature."
RIX,Dire Fleet Poisoner,rare,{1}{B},B,Creature,"Human, Pirate",2,2,0,0,0,0,0,"Flash\nDeathtouch\nWhen Dire Fleet Poisoner enters the battlefield, target attacking Pirate you control gets +1/+1 and gains deathtouch until end of turn."
RIX,Dusk Charger,common,{3}{B},B,Creature,Horse,3,3,0,0,0,0,0,"Ascend (If you control ten or more permanents, you get the city's blessing for the rest of the game.)\nDusk Charger gets +2/+2 as long as you have the city's blessing."
RIX,Dusk Legion Zealot,common,{1}{B},B,Creature,"Vampire, Soldier",1,1,0,0,0,0,0,"When Dusk Legion Zealot enters the battlefield, you draw a card and you lose 1 life."
RIX,Fathom Fleet Boarder,common,{2}{B},B,Creature,"Orc, Pirate",3,3,0,0,0,0,0,"When Fathom Fleet Boarder enters the battlefield, you lose 2 life unless you control another Pirate."
RIX,Forerunner of the Coalition,uncommon,{2}{B},B,Creature,"Human, Pirate",2,2,0,0,0,0,0,"When Forerunner of the Coalition enters the battlefield, you may search your library for a Pirate card, reveal it, then shuffle and put that card on top.\nWhenever another Pirate enters the battlefield under your control, each opponent loses 1 life."
RIX,Golden Demise,uncommon,{1}{B}{B},B,Sorcery,0,0,0,0,0,0,0,0,"Ascend (If you control ten or more permanents, you get the city's blessing for the rest of the game.)\nAll creatures get -2/-2 until end of turn. If you have the city's blessing, instead only creatures your opponents control get -2/-2 until end of turn."
RIX,Grasping Scoundrel,common,{B},B,Creature,"Human, Pirate",1,1,0,0,0,0,0,Grasping Scoundrel gets +1/+0 as long as it's attacking.
RIX,Gruesome Fate,common,{2}{B},B,Sorcery,0,0,0,0,0,0,0,0,Each opponent loses 1 life for each creature you control.
RIX,Impale,common,{2}{B}{B},B,Sorcery,0,0,0,0,0,0,0,0,Destroy target creature.
RIX,Mastermind's Acquisition,rare,{2}{B}{B},B,Sorcery,0,0,0,0,0,0,0,0,"Choose one —\n• Search your library for a card, put it into your hand, then shuffle.\n• Put a card you own from outside the game into your hand."
RIX,Mausoleum Harpy,uncommon,{4}{B},B,Creature,Harpy,3,3,0,0,0,0,0,"Flying\nAscend (If you control ten or more permanents, you get the city's blessing for the rest of the game.)\nWhenever another creature you control dies, if you have the city's blessing, put a +1/+1 counter on Mausoleum Harpy."
RIX,Moment of Craving,common,{1}{B},B,Instant,0,0,0,0,0,0,0,0,Target creature gets -2/-2 until end of turn. You gain 2 life.
RIX,Oathsworn Vampire,uncommon,{1}{B},B,Creature,"Vampire, Knight",2,2,0,0,0,0,0,Oathsworn Vampire enters the battlefield tapped.\nYou may cast Oathsworn Vampire from your graveyard if you gained life this turn.
RIX,Pitiless Plunderer,uncommon,{3}{B},B,Creature,"Human, Pirate",1,4,0,0,0,0,0,"Whenever another creature you control dies, create a Treasure token. (It's an artifact with ""{T}, Sacrifice this artifact: Add one mana of any color."")"
RIX,Ravenous Chupacabra,uncommon,{2}{B}{B},B,Creature,"Beast, Horror",2,2,0,0,0,0,0,"When Ravenous Chupacabra enters the battlefield, destroy target creature an opponent controls."
RIX,Reaver Ambush,uncommon,{2}{B},B,Instant,0,0,0,0,0,0,0,0,Exile target creature with power 3 or less.
RIX,Recover,common,{2}{B},B,Sorcery,0,0,0,0,0,0,0,0,Return target creature card from your graveyard to your hand.\nDraw a card.
RIX,Sadistic Skymarcher,uncommon,{2}{B},B,Creature,"Vampire, Soldier",2,2,0,0,0,0,0,"As an additional cost to cast this spell, reveal a Vampire card from your hand or pay {1}.\nFlying, lifelink"
RIX,"Tetzimoc, Primal Death",rare,{4}{B}{B},B,Creature,"Elder, Dinosaur",6,6,0,0,0,0,0,"Deathtouch\n{B}, Reveal Tetzimoc, Primal Death from your hand: Put a prey counter on target creature. Activate only during your turn.\nWhen Tetzimoc enters the battlefield, destroy each creature your opponents control with a prey counter on it."
RIX,Tomb Robber,rare,{2}{B},B,Creature,"Human, Pirate",1,1,0,0,0,0,0,"Menace\n{1}, Discard a card: Tomb Robber explores. (Reveal the top card of your library. Put that card into your hand if it's a land. Otherwise, put a +1/+1 counter on this creature, then put the card back or put it into your graveyard.)"
RIX,Twilight Prophet,mythic,{2}{B}{B},B,Creature,"Vampire, Cleric",2,4,0,0,0,0,0,"Flying\nAscend (If you control ten or more permanents, you get the city's blessing for the rest of the game.)\nAt the beginning of your upkeep, if you have the city's blessing, reveal the top card of your library and put it into your hand. Each opponent loses X life and you gain X life, where X is that card's mana value."
RIX,Vampire Revenant,common,{3}{B},B,Creature,"Vampire, Spirit",3,1,0,0,0,0,0,Flying
RIX,Vona's Hunger,rare,{2}{B},B,Instant,0,0,0,0,0,0,0,0,"Ascend (If you control ten or more permanents, you get the city's blessing for the rest of the game.)\nEach opponent sacrifices a creature. If you have the city's blessing, instead each opponent sacrifices half the creatures they control, rounded up."
RIX,Voracious Vampire,common,{2}{B},B,Creature,"Vampire, Knight",2,2,0,0,0,0,0,"Menace\nWhen Voracious Vampire enters the battlefield, target Vampire you control gets +1/+1 and gains menace until end of turn."
RIX,Blood Sun,rare,{2}{R},R,Enchantment,0,0,0,0,0,0,0,0,"When Blood Sun enters the battlefield, draw a card.\nAll lands lose all abilities except mana abilities."
RIX,Bombard,common,{2}{R},R,Instant,0,0,0,0,0,0,0,0,Bombard deals 4 damage to target creature.
RIX,Brass's Bounty,rare,{6}{R},R,Sorcery,0,0,0,0,0,0,0,0,"For each land you control, create a Treasure token. (It's an artifact with ""{T}, Sacrifice this artifact: Add one mana of any color."")"
RIX,Brazen Freebooter,common,{3}{R},R,Creature,"Human, Pirate",3,3,0,0,0,0,0,"When Brazen Freebooter enters the battlefield, create a Treasure token. (It's an artifact with ""{T}, Sacrifice this artifact: Add one mana of any color."")"
RIX,Buccaneer's Bravado,common,{1}{R},R,Instant,0,0,0,0,0,0,0,0,Choose one —\n• Target creature gets +1/+1 and gains first strike until end of turn.\n• Target Pirate gets +1/+1 and gains double strike until end of turn.
RIX,Charging Tuskodon,uncommon,{3}{R}{R},R,Creature,Dinosaur,4,4,0,0,0,0,0,"Trample\nIf Charging Tuskodon would deal combat damage to a player, it deals double that damage to that player instead."
RIX,Daring Buccaneer,uncommon,{R},R,Creature,"Human, Pirate",2,2,0,0,0,0,0,"As an additional cost to cast this spell, reveal a Pirate card from your hand or pay {2}."
RIX,Dire Fleet Daredevil,rare,{1}{R},R,Creature,"Human, Pirate",2,1,0,0,0,0,0,"First strike\nWhen Dire Fleet Daredevil enters the battlefield, exile target instant or sorcery card from an opponent's graveyard. You may cast it this turn, and mana of any type can be spent to cast that spell. If that spell would be put into a graveyard, exile it instead."
RIX,"Etali, Primal Storm",rare,{4}{R}{R},R,Creature,"Elder, Dinosaur",6,6,0,0,0,0,0,"Whenever Etali, Primal Storm attacks, exile the top card of each player's library, then you may cast any number of spells from among those cards without paying their mana costs."
RIX,Fanatical Firebrand,common,{R},R,Creature,"Goblin, Pirate",1,1,0,0,0,0,0,"Haste\n{T}, Sacrifice Fanatical Firebrand: It deals 1 damage to any target."
RIX,Forerunner of the Empire,uncommon,{3}{R},R,Creature,"Human, Soldier",1,3,0,0,0,0,0,"When Forerunner of the Empire enters the battlefield, you may search your library for a Dinosaur card, reveal it, then shuffle and put that card on top.\nWhenever a Dinosaur enters the battlefield under your control, you may have Forerunner of the Empire deal 1 damage to each creature."
RIX,Form of the Dinosaur,rare,{4}{R}{R},R,Enchantment,0,0,0,0,0,0,0,0,"When Form of the Dinosaur enters the battlefield, your life total becomes 15.\nAt the beginning of your upkeep, Form of the Dinosaur deals 15 damage to target creature an opponent controls and that creature deals damage equal to its power to you."
RIX,Frilled Deathspitter,common,{2}{R},R,Creature,Dinosaur,3,2,0,0,0,0,0,"Enrage — Whenever Frilled Deathspitter is dealt damage, it deals 2 damage to target opponent or planeswalker."
RIX,Goblin Trailblazer,common,{1}{R},R,Creature,"Goblin, Pirate",2,1,0,0,0,0,0,Menace (This creature can't be blocked except by two or more creatures.)
RIX,Mutiny,common,{R},R,Sorcery,0,0,0,0,0,0,0,0,Target creature an opponent controls deals damage equal to its power to another target creature that player controls.
RIX,Needletooth Raptor,uncommon,{3}{R},R,Creature,Dinosaur,2,2,0,0,0,0,0,"Enrage — Whenever Needletooth Raptor is dealt damage, it deals 5 damage to target creature an opponent controls."
RIX,Orazca Raptor,common,{2}{R}{R},R,Creature,Dinosaur,3,4,0,0,0,0,0,0
RIX,Pirate's Pillage,uncommon,{3}{R},R,Sorcery,0,0,0,0,0,0,0,0,"As an additional cost to cast this spell, discard a card.\nDraw two cards and create two Treasure tokens. (They're artifacts with ""{T}, Sacrifice this artifact: Add one mana of any color."")"
RIX,Reckless Rage,uncommon,{R},R,Instant,0,0,0,0,0,0,0,0,Reckless Rage deals 4 damage to target creature you don't control and 2 damage to target creature you control.
RIX,Rekindling Phoenix,mythic,{2}{R}{R},R,Creature,Phoenix,4,3,0,0,0,0,0,"Flying\nWhen Rekindling Phoenix dies, create a 0/1 red Elemental creature token with ""At the beginning of your upkeep, sacrifice this creature and return target card named Rekindling Phoenix from your graveyard to the battlefield. It gains haste until end of turn."""
RIX,See Red,uncommon,{1}{R},R,Enchantment,Aura,0,0,0,0,0,0,0,"Enchant creature\nEnchanted creature gets +2/+1 and has first strike.\nAt the beginning of your end step, if you didn't attack with a creature this turn, sacrifice See Red."
RIX,Shake the Foundations,uncommon,{2}{R},R,Instant,0,0,0,0,0,0,0,0,Shake the Foundations deals 1 damage to each creature without flying.\nDraw a card.
RIX,Shatter,common,{1}{R},R,Instant,0,0,0,0,0,0,0,0,Destroy target artifact.
RIX,Silverclad Ferocidons,rare,{5}{R}{R},R,Creature,Dinosaur,8,5,0,0,0,0,0,"Enrage — Whenever Silverclad Ferocidons is dealt damage, each opponent sacrifices a permanent."
RIX,Stampeding Horncrest,common,{4}{R},R,Creature,Dinosaur,4,4,0,0,0,0,0,Stampeding Horncrest has haste as long as you control another Dinosaur.
RIX,Storm Fleet Swashbuckler,uncommon,{1}{R},R,Creature,"Human, Pirate",2,2,0,0,0,0,0,"Ascend (If you control ten or more permanents, you get the city's blessing for the rest of the game.)\nStorm Fleet Swashbuckler has double strike as long as you have the city's blessing."
RIX,Sun-Collared Raptor,common,{1}{R},R,Creature,Dinosaur,1,2,0,0,0,0,0,Trample\n{2}{R}: Sun-Collared Raptor gets +3/+0 until end of turn.
RIX,Swaggering Corsair,common,{2}{R},R,Creature,"Human, Pirate",2,2,0,0,0,0,0,Raid — Swaggering Corsair enters the battlefield with a +1/+1 counter on it if you attacked this turn.
RIX,Tilonalli's Crown,common,{1}{R},R,Enchantment,Aura,0,0,0,0,0,0,0,"Enchant creature\nWhen Tilonalli's Crown enters the battlefield, it deals 1 damage to enchanted creature.\nEnchanted creature gets +3/+0 and has trample."
RIX,Tilonalli's Summoner,rare,{1}{R},R,Creature,"Human, Shaman",1,1,0,0,0,0,0,"Ascend (If you control ten or more permanents, you get the city's blessing for the rest of the game.)\nWhenever Tilonalli's Summoner attacks, you may pay {X}{R}. If you do, create X 1/1 red Elemental creature tokens that are tapped and attacking. At the beginning of the next end step, exile those tokens unless you have the city's blessing."
RIX,Aggressive Urge,common,{1}{G},G,Instant,0,0,0,0,0,0,0,0,Target creature gets +1/+1 until end of turn.\nDraw a card.
RIX,Cacophodon,uncommon,{3}{G},G,Creature,Dinosaur,2,5,0,0,0,0,0,"Enrage — Whenever Cacophodon is dealt damage, untap target permanent."
RIX,Cherished Hatchling,uncommon,{1}{G},G,Creature,Dinosaur,2,1,0,0,0,0,0,"When Cherished Hatchling dies, you may cast Dinosaur spells this turn as though they had flash, and whenever you cast a Dinosaur spell this turn, it gains ""When this creature enters the battlefield, you may have it fight another target creature."""
RIX,Colossal Dreadmaw,common,{4}{G}{G},G,Creature,Dinosaur,6,6,0,0,0,0,0,Trample (This creature can deal excess combat damage to the player or planeswalker it's attacking.)
RIX,Crested Herdcaller,uncommon,{3}{G}{G},G,Creature,Dinosaur,3,3,0,0,0,0,0,"Trample\nWhen Crested Herdcaller enters the battlefield, create a 3/3 green Dinosaur creature token with trample."
RIX,Deeproot Elite,rare,{1}{G},G,Creature,"Merfolk, Warrior",1,1,0,0,0,0,0,"Whenever another Merfolk enters the battlefield under your control, put a +1/+1 counter on target Merfolk you control."
RIX,Enter the Unknown,uncommon,{G},G,Sorcery,0,0,0,0,0,0,0,0,"Target creature you control explores. (Reveal the top card of your library. Put that card into your hand if it's a land. Otherwise, put a +1/+1 counter on the creature, then put the card back or put it into your graveyard.)\nYou may play an additional land this turn."
RIX,Forerunner of the Heralds,uncommon,{3}{G},G,Creature,"Merfolk, Scout",3,2,0,0,0,0,0,"When Forerunner of the Heralds enters the battlefield, you may search your library for a Merfolk card, reveal it, then shuffle and put that card on top.\nWhenever another Merfolk enters the battlefield under your control, put a +1/+1 counter on Forerunner of the Heralds."
RIX,"Ghalta, Primal Hunger",rare,{10}{G}{G},G,Creature,"Elder, Dinosaur",12,12,0,0,0,0,0,"This spell costs {X} less to cast, where X is the total power of creatures you control.\nTrample"
RIX,Giltgrove Stalker,common,{1}{G},G,Creature,"Merfolk, Warrior",2,1,0,0,0,0,0,Giltgrove Stalker can't be blocked by creatures with power 2 or less.
RIX,Hardy Veteran,common,{1}{G},G,Creature,"Human, Warrior",2,2,0,0,0,0,0,"As long as it's your turn, Hardy Veteran gets +0/+2."
RIX,Hunt the Weak,common,{3}{G},G,Sorcery,0,0,0,0,0,0,0,0,Put a +1/+1 counter on target creature you control. Then that creature fights target creature you don't control. (Each deals damage equal to its power to the other.)
RIX,Jade Bearer,common,{G},G,Creature,"Merfolk, Shaman",1,1,0,0,0,0,0,"When Jade Bearer enters the battlefield, put a +1/+1 counter on another target Merfolk you control."
RIX,Jadecraft Artisan,common,{3}{G},G,Creature,"Merfolk, Shaman",3,3,0,0,0,0,0,"When Jadecraft Artisan enters the battlefield, target creature gets +2/+2 until end of turn."
RIX,Jadelight Ranger,rare,{1}{G}{G},G,Creature,"Merfolk, Scout, Ranger",2,1,0,0,0,0,0,"When Jadelight Ranger enters the battlefield, it explores, then it explores again. (Reveal the top card of your library. Put that card into your hand if it's a land. Otherwise, put a +1/+1 counter on this creature, then put the card back or put it into your graveyard. Then repeat this process.)"
RIX,Jungleborn Pioneer,common,{2}{G},G,Creature,"Merfolk, Scout",2,2,0,0,0,0,0,"When Jungleborn Pioneer enters the battlefield, create a 1/1 blue Merfolk creature token with hexproof. (It can't be the target of spells or abilities your opponents control.)"
RIX,Knight of the Stampede,common,{3}{G},G,Creature,"Human, Knight",2,4,0,0,0,0,0,Dinosaur spells you cast cost {2} less to cast.
RIX,Naturalize,common,{1}{G},G,Instant,0,0,0,0,0,0,0,0,Destroy target artifact or enchantment.
RIX,Orazca Frillback,common,{2}{G},G,Creature,Dinosaur,4,2,0,0,0,0,0,0
RIX,Overgrown Armasaur,common,{3}{G}{G},G,Creature,Dinosaur,4,4,0,0,0,0,0,"Enrage — Whenever Overgrown Armasaur is dealt damage, create a 1/1 green Saproling creature token."
RIX,Path of Discovery,rare,{3}{G},G,Enchantment,0,0,0,0,0,0,0,0,"Whenever a creature enters the battlefield under your control, it explores. (Reveal the top card of your library. Put that card into your hand if it's a land. Otherwise, put a +1/+1 counter on the creature, then put the card back or put it into your graveyard.)"
RIX,Plummet,common,{1}{G},G,Instant,0,0,0,0,0,0,0,0,Destroy target creature with flying.
RIX,Polyraptor,mythic,{6}{G}{G},G,Creature,Dinosaur,5,5,0,0,0,0,0,"Enrage — Whenever Polyraptor is dealt damage, create a token that's a copy of Polyraptor."
RIX,Strength of the Pack,uncommon,{4}{G}{G},G,Sorcery,0,0,0,0,0,0,0,0,Put two +1/+1 counters on each creature you control.
RIX,Swift Warden,uncommon,{1}{G}{G},G,Creature,"Merfolk, Warrior",3,3,0,0,0,0,0,"Flash\nWhen Swift Warden enters the battlefield, target Merfolk you control gains hexproof until end of turn. (It can't be the target of spells or abilities your opponents control.)"
RIX,Tendershoot Dryad,rare,{4}{G},G,Creature,Dryad,2,2,0,0,0,0,0,"Ascend (If you control ten or more permanents, you get the city's blessing for the rest of the game.)\nAt the beginning of each upkeep, create a 1/1 green Saproling creature token.\nSaprolings you control get +2/+2 as long as you have the city's blessing."
RIX,Thrashing Brontodon,uncommon,{1}{G}{G},G,Creature,Dinosaur,3,4,0,0,0,0,0,"{1}, Sacrifice Thrashing Brontodon: Destroy target artifact or enchantment."
RIX,Thunderherd Migration,uncommon,{1}{G},G,Sorcery,0,0,0,0,0,0,0,0,"As an additional cost to cast this spell, reveal a Dinosaur card from your hand or pay {1}.\nSearch your library for a basic land card, put it onto the battlefield tapped, then shuffle."
RIX,Wayward Swordtooth,rare,{2}{G},G,Creature,Dinosaur,5,5,0,0,0,0,0,"Ascend (If you control ten or more permanents, you get the city's blessing for the rest of the game.)\nYou may play an additional land on each of your turns.\nWayward Swordtooth can't attack or block unless you have the city's blessing."
RIX,World Shaper,rare,{3}{G},G,Creature,"Merfolk, Shaman",3,3,0,0,0,0,0,"Whenever World Shaper attacks, you may mill three cards.\nWhen World Shaper dies, return all land cards from your graveyard to the battlefield tapped."
RIX,"Angrath, the Flame-Chained",mythic,{3}{B}{R},"B, R",Planeswalker,Angrath,0,0,0,0,0,0,0,[+1]: Each opponent discards a card and loses 2 life.\n[−3]: Gain control of target creature until end of turn. Untap it. It gains haste until end of turn. Sacrifice it at the beginning of the next end step if it has mana value 3 or less.\n[−8]: Each opponent loses life equal to the number of cards in their graveyard.
RIX,Atzocan Seer,uncommon,{1}{G}{W},"G, W",Creature,"Human, Druid",2,3,0,0,0,0,0,{T}: Add one mana of any color.\nSacrifice Atzocan Seer: Return target Dinosaur card from your graveyard to your hand.
RIX,"Azor, the Lawbringer",mythic,{2}{W}{W}{U}{U},"U, W",Creature,Sphinx,6,6,0,0,0,0,0,"Flying\nWhen Azor, the Lawbringer enters the battlefield, each opponent can't cast instant or sorcery spells during that player's next turn.\nWhenever Azor attacks, you may pay {X}{W}{U}{U}. If you do, you gain X life and draw X cards."
RIX,Deadeye Brawler,uncommon,{2}{U}{B},"B, U",Creature,"Human, Pirate",2,4,0,0,0,0,0,"Deathtouch\nAscend (If you control ten or more permanents, you get the city's blessing for the rest of the game.)\nWhenever Deadeye Brawler deals combat damage to a player, if you have the city's blessing, draw a card."
RIX,Dire Fleet Neckbreaker,uncommon,{2}{B}{R},"B, R",Creature,"Orc, Pirate",3,2,0,0,0,0,0,Attacking Pirates you control get +2/+0.
RIX,"Elenda, the Dusk Rose",mythic,{2}{W}{B},"B, W",Creature,"Vampire, Knight",1,1,0,0,0,0,0,"Lifelink\nWhenever another creature dies, put a +1/+1 counter on Elenda, the Dusk Rose.\nWhen Elenda dies, create X 1/1 white Vampire creature tokens with lifelink, where X is Elenda's power."
RIX,Hadana's Climb // Winged Temple of Orazca,rare,{1}{G}{U},"G, U",Enchantment,0,0,0,0,0,0,0,0,"At the beginning of combat on your turn, put a +1/+1 counter on target creature you control. Then if that creature has three or more +1/+1 counters on it, transform Hadana's Climb."
RIX,Hadana's Climb // Winged Temple of Orazca,rare,0,"G, U",Land,0,0,0,0,0,0,0,0,"(Transforms from Hadana's Climb.)\n{T}: Add one mana of any color.\n{1}{G}{U}, {T}: Target creature you control gains flying and gets +X/+X until end of turn, where X is its power."
RIX,"Huatli, Radiant Champion",mythic,{2}{G}{W},"G, W",Planeswalker,Huatli,0,0,0,0,0,0,0,"[+1]: Put a loyalty counter on Huatli, Radiant Champion for each creature you control.\n[−1]: Target creature gets +X/+X until end of turn, where X is the number of creatures you control.\n[−8]: You get an emblem with ""Whenever a creature enters the battlefield under your control, you may draw a card."""
RIX,"Journey to Eternity // Atzal, Cave of Eternity",rare,{1}{B}{G},"B, G",Enchantment,Aura,0,0,0,0,0,0,0,"Enchant creature you control\nWhen enchanted creature dies, return it to the battlefield under your control, then return Journey to Eternity to the battlefield transformed under your control."
RIX,"Journey to Eternity // Atzal, Cave of Eternity",rare,0,"B, G",Land,0,0,0,0,0,0,0,0,"(Transforms from Journey to Eternity.)\n{T}: Add one mana of any color.\n{3}{B}{G}, {T}: Return target creature card from your graveyard to the battlefield."
RIX,Jungle Creeper,uncommon,{1}{B}{G},"B, G",Creature,Elemental,3,3,0,0,0,0,0,{3}{B}{G}: Return Jungle Creeper from your graveyard to your hand.
RIX,"Kumena, Tyrant of Orazca",mythic,{1}{G}{U},"G, U",Creature,"Merfolk, Shaman",2,4,0,0,0,0,0,"Tap another untapped Merfolk you control: Kumena, Tyrant of Orazca can't be blocked this turn.\nTap three untapped Merfolk you control: Draw a card.\nTap five untapped Merfolk you control: Put a +1/+1 counter on each Merfolk you control."
RIX,Legion Lieutenant,uncommon,{W}{B},"B, W",Creature,"Vampire, Knight",2,2,0,0,0,0,0,Other Vampires you control get +1/+1.
RIX,Merfolk Mistbinder,uncommon,{G}{U},"G, U",Creature,"Merfolk, Shaman",2,2,0,0,0,0,0,Other Merfolk you control get +1/+1.
RIX,"Path of Mettle // Metzali, Tower of Triumph",rare,{R}{W},"R, W",Enchantment,0,0,0,0,0,0,0,0,"When Path of Mettle enters the battlefield, it deals 1 damage to each creature that doesn't have first strike, double strike, vigilance, or haste.\nWhenever you attack with at least two creatures that have first strike, double strike, vigilance, and/or haste, transform Path of Mettle."
RIX,"Path of Mettle // Metzali, Tower of Triumph",rare,0,"R, W",Land,0,0,0,0,0,0,0,0,"(Transforms from Path of Mettle.)\n{T}: Add one mana of any color.\n{1}{R}, {T}: Metzali, Tower of Triumph deals 2 damage to each opponent.\n{2}{W}, {T}: Choose a creature at random that attacked this turn. Destroy that creature."
RIX,Profane Procession // Tomb of the Dusk Rose,rare,{1}{W}{B},"B, W",Enchantment,0,0,0,0,0,0,0,0,"{3}{W}{B}: Exile target creature. Then if there are three or more cards exiled with Profane Procession, transform it."
RIX,Profane Procession // Tomb of the Dusk Rose,rare,0,"B, W",Land,0,0,0,0,0,0,0,0,"(Transforms from Profane Procession.)\n{T}: Add one mana of any color.\n{2}{W}{B}, {T}: Put a creature card exiled with this permanent onto the battlefield under your control."
RIX,Protean Raider,rare,{1}{U}{R},"R, U",Creature,"Shapeshifter, Pirate",2,2,0,0,0,0,0,"Raid — If you attacked this turn, you may have Protean Raider enter the battlefield as a copy of any creature on the battlefield."
RIX,Raging Regisaur,uncommon,{2}{R}{G},"G, R",Creature,Dinosaur,4,4,0,0,0,0,0,"Whenever Raging Regisaur attacks, it deals 1 damage to any target."
RIX,Relentless Raptor,uncommon,{R}{W},"R, W",Creature,Dinosaur,3,3,0,0,0,0,0,Vigilance\nRelentless Raptor attacks or blocks each combat if able.
RIX,Resplendent Griffin,uncommon,{1}{W}{U},"U, W",Creature,Griffin,2,2,0,0,0,0,0,"Flying\nAscend (If you control ten or more permanents, you get the city's blessing for the rest of the game.)\nWhenever Resplendent Griffin attacks, if you have the city's blessing, put a +1/+1 counter on it."
RIX,Siegehorn Ceratops,rare,{G}{W},"G, W",Creature,Dinosaur,2,2,0,0,0,0,0,"Enrage — Whenever Siegehorn Ceratops is dealt damage, put two +1/+1 counters on it. (It must survive the damage to get the counters.)"
RIX,Storm Fleet Sprinter,uncommon,{1}{U}{R},"R, U",Creature,"Human, Pirate",2,2,0,0,0,0,0,Haste\nStorm Fleet Sprinter can't be blocked.
RIX,Storm the Vault // Vault of Catlacan,rare,{2}{U}{R},"R, U",Enchantment,0,0,0,0,0,0,0,0,"Whenever one or more creatures you control deal combat damage to a player, create a Treasure token. (It's an artifact with ""{T}, Sacrifice this artifact: Add one mana of any color."")\nAt the beginning of your end step, if you control five or more artifacts, transform Storm the Vault."
RIX,Storm the Vault // Vault of Catlacan,rare,0,"R, U",Land,0,0,0,0,0,0,0,0,(Transforms from Storm the Vault.)\n{T}: Add one mana of any color.\n{T}: Add {U} for each artifact you control.
RIX,"Zacama, Primal Calamity",mythic,{6}{R}{G}{W},"G, R, W",Creature,"Elder, Dinosaur",9,9,0,0,0,0,0,"Vigilance, reach, trample\nWhen Zacama, Primal Calamity enters the battlefield, if you cast it, untap all lands you control.\n{2}{R}: Zacama deals 3 damage to target creature.\n{2}{G}: Destroy target artifact or enchantment.\n{2}{W}: You gain 3 life."
RIX,Awakened Amalgam,rare,{4},0,"Artifact, Creature",Golem,*,*,0,0,0,0,0,Awakened Amalgam's power and toughness are each equal to the number of differently named lands you control.
RIX,Azor's Gateway // Sanctum of the Sun,mythic,{2},0,Artifact,0,0,0,0,0,0,0,0,"{1}, {T}: Draw a card, then exile a card from your hand. If cards with five or more different mana values are exiled with Azor's Gateway, you gain 5 life, untap Azor's Gateway, and transform it."
RIX,Azor's Gateway // Sanctum of the Sun,mythic,0,0,Land,0,0,0,0,0,0,0,0,"(Transforms from Azor's Gateway.)\n{T}: Add X mana of any one color, where X is your life total."
RIX,Captain's Hook,rare,{3},0,Artifact,Equipment,0,0,0,0,0,0,0,"Equipped creature gets +2/+0, has menace, and is a Pirate in addition to its other creature types.\nWhenever Captain's Hook becomes unattached from a permanent, destroy that permanent.\nEquip {1}"
RIX,Gleaming Barrier,common,{2},0,"Artifact, Creature",Wall,0,4,0,0,0,0,0,"Defender\nWhen Gleaming Barrier dies, create a Treasure token. (It's an artifact with ""{T}, Sacrifice this artifact: Add one mana of any color."")"
RIX,Golden Guardian // Gold-Forge Garrison,rare,{4},0,"Artifact, Creature",Golem,4,4,0,0,0,0,0,"Defender\n{2}: Golden Guardian fights another target creature you control. When Golden Guardian dies this turn, return it to the battlefield transformed under your control."
RIX,Golden Guardian // Gold-Forge Garrison,rare,0,0,Land,0,0,0,0,0,0,0,0,"(Transforms from Golden Guardian.)\n{T}: Add two mana of any one color.\n{4}, {T}: Create a 4/4 colorless Golem artifact creature token."
RIX,The Immortal Sun,mythic,{6},0,Artifact,0,0,0,0,0,0,0,0,"Players can't activate planeswalkers' loyalty abilities.\nAt the beginning of your draw step, draw an additional card.\nSpells you cast cost {1} less to cast.\nCreatures you control get +1/+1."
RIX,Orazca Relic,common,{3},0,Artifact,0,0,0,0,0,0,0,0,"Ascend (If you control ten or more permanents, you get the city's blessing for the rest of the game.)\n{T}: Add {C}.\n{T}, Sacrifice Orazca Relic: You gain 3 life and draw a card. Activate only if you have the city's blessing."
RIX,Silent Gravestone,rare,{1},0,Artifact,0,0,0,0,0,0,0,0,"Cards in graveyards can't be the targets of spells or abilities.\n{4}, {T}: Exile Silent Gravestone and all cards from all graveyards. Draw a card."
RIX,Strider Harness,common,{3},0,Artifact,Equipment,0,0,0,0,0,0,0,Equipped creature gets +1/+1 and has haste.\nEquip {1} ({1}: Attach to target creature you control. Equip only as a sorcery.)
RIX,Traveler's Amulet,common,{1},0,Artifact,0,0,0,0,0,0,0,0,"{1}, Sacrifice Traveler's Amulet: Search your library for a basic land card, reveal it, put it into your hand, then shuffle."
RIX,Arch of Orazca,rare,0,0,Land,0,0,0,0,0,0,0,0,"Ascend (If you control ten or more permanents, you get the city's blessing for the rest of the game.)\n{T}: Add {C}.\n{5}, {T}: Draw a card. Activate only if you have the city's blessing."
RIX,Evolving Wilds,common,0,0,Land,0,0,0,0,0,0,0,0,"{T}, Sacrifice Evolving Wilds: Search your library for a basic land card, put it onto the battlefield tapped, then shuffle."
RIX,Forsaken Sanctuary,uncommon,0,"B, W",Land,0,0,0,0,0,0,0,0,Forsaken Sanctuary enters the battlefield tapped.\n{T}: Add {W} or {B}.
RIX,Foul Orchard,uncommon,0,"B, G",Land,0,0,0,0,0,0,0,0,Foul Orchard enters the battlefield tapped.\n{T}: Add {B} or {G}.
RIX,Highland Lake,uncommon,0,"R, U",Land,0,0,0,0,0,0,0,0,Highland Lake enters the battlefield tapped.\n{T}: Add {U} or {R}.
RIX,Stone Quarry,uncommon,0,"R, W",Land,0,0,0,0,0,0,0,0,Stone Quarry enters the battlefield tapped.\n{T}: Add {R} or {W}.
RIX,Woodland Stream,uncommon,0,"G, U",Land,0,0,0,0,0,0,0,0,Woodland Stream enters the battlefield tapped.\n{T}: Add {G} or {U}.
RIX,Plains,common,0,W,Land,Plains,0,0,0,0,0,0,0,({T}: Add {W}.)
RIX,Island,common,0,U,Land,Island,0,0,0,0,0,0,0,({T}: Add {U}.)
RIX,Swamp,common,0,B,Land,Swamp,0,0,0,0,0,0,0,({T}: Add {B}.)
RIX,Mountain,common,0,R,Land,Mountain,0,0,0,0,0,0,0,({T}: Add {R}.)
RIX,Forest,common,0,G,Land,Forest,0,0,0,0,0,0,0,({T}: Add {G}.)
RIX,"Vraska, Scheming Gorgon",mythic,{4}{B}{B},B,Planeswalker,Vraska,0,0,0,0,0,0,0,"[+2]: Creatures you control get +1/+0 until end of turn.\n[−3]: Destroy target creature.\n[−10]: Until end of turn, creatures you control gain deathtouch and ""Whenever this creature deals damage to an opponent, that player loses the game."""
RIX,Vampire Champion,common,{3}{B},B,Creature,"Vampire, Soldier",3,3,0,0,0,0,0,Deathtouch (Any amount of damage this deals to a creature is enough to destroy it.)
RIX,Vraska's Conquistador,uncommon,{1}{B},B,Creature,"Vampire, Soldier",2,1,0,0,0,0,0,"Whenever Vraska's Conquistador attacks or blocks, if you control a Vraska planeswalker, target opponent loses 2 life and you gain 2 life."
RIX,Vraska's Scorn,rare,{2}{B}{B},B,Sorcery,0,0,0,0,0,0,0,0,"Target opponent loses 4 life. You may search your library and/or graveyard for a card named Vraska, Scheming Gorgon, reveal it, and put it into your hand. If you search your library this way, shuffle."
RIX,"Angrath, Minotaur Pirate",mythic,{4}{B}{R},"B, R",Planeswalker,Angrath,0,0,0,0,0,0,0,"[+2]: Angrath, Minotaur Pirate deals 1 damage to target opponent or planeswalker and each creature that player or that planeswalker's controller controls.\n[−3]: Return target Pirate card from your graveyard to the battlefield.\n[−11]: Destroy all creatures target opponent controls. Angrath, Minotaur Pirate deals damage to that player equal to their total power."
RIX,Angrath's Ambusher,uncommon,{2}{B},B,Creature,"Orc, Pirate",2,3,0,0,0,0,0,Angrath's Ambusher gets +2/+0 as long as you control an Angrath planeswalker.
RIX,Swab Goblin,common,{1}{R},R,Creature,"Goblin, Pirate",2,2,0,0,0,0,0,0
RIX,Angrath's Fury,rare,{3}{B}{R},"B, R",Sorcery,0,0,0,0,0,0,0,0,"Destroy target creature. Angrath's Fury deals 3 damage to target player or planeswalker. You may search your library and/or graveyard for a card named Angrath, Minotaur Pirate, reveal it, and put it into your hand. If you search your library this way, shuffle."
RIX,Cinder Barrens,common,0,"B, R",Land,0,0,0,0,0,0,0,0,Cinder Barrens enters the battlefield tapped.\n{T}: Add {B} or {R}.
